,DroppingNode,DummyID,DummyType,DummyTimeLeft,DummyDelay,DummyRoute,DummyPr
0,9,d_4_2,Dummy,0,"[0, 0, 0.12699856825301883, 0.1294093213625158, 0]","[None, None, ( id: 4, corrupt: False ), ( id: 9, corrupt: False ), Client id: 79]","[0.0, 0.0, 0.0, 0.0, 0.0, 0.0, 0.0, 0.0, 0.0, 0.0, 0.0, 0.0, 0.0, 0.0, 0.0, 0.0, 0.0, 0.0, 0.0, 0.0, 0.0, 0.0, 0.0]"
1,7,d_4_1,Dummy,0,"[0, 0, 0.40438503316457847, 0.16545966873563103, 0]","[None, None, ( id: 4, corrupt: False ), ( id: 7, corrupt: False ), Client id: 52]","[0.0, 0.0, 0.0, 0.0, 0.0, 0.0, 0.0, 0.0, 0.0, 0.0, 0.0, 0.0, 0.0, 0.0, 0.0, 0.0, 0.0, 0.0, 0.0, 0.0, 0.0, 0.0, 0.0]"
2,8,d_6_1,Dummy,0,"[0, 0, 0.5841823927832391, 0.1842144356182551, 0]","[None, None, ( id: 6, corrupt: False ), ( id: 8, corrupt: False ), Client id: 2]","[0.0, 0.0, 0.0, 0.0, 0.0, 0.0, 0.0, 0.0, 0.0, 0.0, 0.0, 0.0, 0.0, 0.0, 0.0, 0.0, 0.0, 0.0, 0.0, 0.0, 0.0, 0.0, 0.0]"
3,9,d_5_1,Dummy,0,"[0, 0, 1.0312854135820106, 0.3913321498987272, 0]","[None, None, ( id: 5, corrupt: False ), ( id: 9, corrupt: False ), Client id: 92]","[0.0, 0.0, 0.0, 0.0, 0.0, 0.0, 0.0, 0.0, 0.0, 0.0, 0.0, 0.0, 0.0, 0.0, 0.0, 0.0, 0.0, 0.0, 0.0, 0.0, 0.0, 0.0, 0.0]"
4,9,d_5_2,Dummy,0,"[0, 0, 0.8261442513900829, 0.30426169716249996, 0]","[None, None, ( id: 5, corrupt: False ), ( id: 9, corrupt: False ), Client id: 97]","[0.0, 0.0, 0.0, 0.0, 0.0, 0.0, 0.0, 0.0, 0.0, 0.0, 0.0, 0.0, 0.0, 0.0, 0.0, 0.0, 0.0, 0.0, 0.0, 0.0, 0.0, 0.0, 0.0]"
5,8,d_6_2,Dummy,0,"[0, 0, 0.0028160666627703715, 0.37988614774690893, 0]","[None, None, ( id: 6, corrupt: False ), ( id: 8, corrupt: False ), Client id: 74]","[0.0, 0.0, 0.0, 0.0, 0.0, 0.0, 0.0, 0.0, 0.0, 0.0, 0.0, 0.0, 0.0, 0.0, 0.0, 0.0, 0.0, 0.0, 0.0, 0.0, 0.0, 0.0, 0.0]"
6,7,d_5_3,Dummy,0,"[0, 0, 0.7396396163105315, 0.31845191546080265, 0]","[None, None, ( id: 5, corrupt: False ), ( id: 7, corrupt: False ), Client id: 5]","[0.0, 0.0, 0.0, 0.0, 0.0, 0.0, 0.0, 0.0, 0.0, 0.0, 0.0, 0.0, 0.0, 0.0, 0.0, 0.0, 0.0, 0.0, 0.0, 0.0, 0.0, 0.0, 0.0]"
7,8,d_6_5,Dummy,0,"[0, 0, 0.15921467408432685, 0.43550407652481254, 0]","[None, None, ( id: 6, corrupt: False ), ( id: 8, corrupt: False ), Client id: 66]","[0.0, 0.0, 0.0, 0.0, 0.0, 0.0, 0.0, 0.0, 0.0, 0.0, 0.0, 0.0, 0.0, 0.0, 0.0, 0.0, 0.0, 0.0, 0.0, 0.0, 0.0, 0.0, 0.0]"
8,9,d_6_3,Dummy,0,"[0, 0, 0.3296222046048517, 0.30396550880550693, 0]","[None, None, ( id: 6, corrupt: False ), ( id: 9, corrupt: False ), Client id: 98]","[0.0, 0.0, 0.0, 0.0, 0.0, 0.0, 0.0, 0.0, 0.0, 0.0, 0.0, 0.0, 0.0, 0.0, 0.0, 0.0, 0.0, 0.0, 0.0, 0.0, 0.0, 0.0, 0.0]"
9,8,d_6_4,Dummy,0,"[0, 0, 0.3273217911975048, 0.22187793328693228, 0]","[None, None, ( id: 6, corrupt: False ), ( id: 8, corrupt: False ), Client id: 24]","[0.0, 0.0, 0.0, 0.0, 0.0, 0.0, 0.0, 0.0, 0.0, 0.0, 0.0, 0.0, 0.0, 0.0, 0.0, 0.0, 0.0, 0.0, 0.0, 0.0, 0.0, 0.0, 0.0]"
10,8,d_4_3,Dummy,0,"[0, 0, 1.074167335546106, 0.2799752461057441, 0]","[None, None, ( id: 4, corrupt: False ), ( id: 8, corrupt: False ), Client id: 51]","[0.0, 0.0, 0.0, 0.0, 0.0, 0.0, 0.0, 0.0, 0.0, 0.0, 0.0, 0.0, 0.0, 0.0, 0.0, 0.0, 0.0, 0.0, 0.0, 0.0, 0.0, 0.0, 0.0]"
11,8,d_4_4,Dummy,0,"[0, 0, 0.03606008641315409, 0.005823844011828674, 0]","[None, None, ( id: 4, corrupt: False ), ( id: 8, corrupt: False ), Client id: 85]","[0.0, 0.0, 0.0, 0.0, 0.0, 0.0, 0.0, 0.0, 0.0, 0.0, 0.0, 0.0, 0.0, 0.0, 0.0, 0.0, 0.0, 0.0, 0.0, 0.0, 0.0, 0.0, 0.0]"
12,8,d_4_5,Dummy,0,"[0, 0, 0.20432371846682826, 0.1859057723913425, 0]","[None, None, ( id: 4, corrupt: False ), ( id: 8, corrupt: False ), Client id: 25]","[0.0, 0.0, 0.0, 0.0, 0.0, 0.0, 0.0, 0.0, 0.0, 0.0, 0.0, 0.0, 0.0, 0.0, 0.0, 0.0, 0.0, 0.0, 0.0, 0.0, 0.0, 0.0, 0.0]"
13,7,d_6_6,Dummy,0,"[0, 0, 0.6044457477586342, 0.7113517379678025, 0]","[None, None, ( id: 6, corrupt: False ), ( id: 7, corrupt: False ), Client id: 50]","[0.0, 0.0, 0.0, 0.0, 0.0, 0.0, 0.0, 0.0, 0.0, 0.0, 0.0, 0.0, 0.0, 0.0, 0.0, 0.0, 0.0, 0.0, 0.0, 0.0, 0.0, 0.0, 0.0]"
14,9,d_6_7,Dummy,0,"[0, 0, 0.169332872000363, 0.36407782553543017, 0]","[None, None, ( id: 6, corrupt: False ), ( id: 9, corrupt: False ), Client id: 75]","[0.0, 0.0, 0.0, 0.0, 0.0, 0.0, 0.0, 0.0, 0.0, 0.0, 0.0, 0.0, 0.0, 0.0, 0.0, 0.0, 0.0, 0.0, 0.0, 0.0, 0.0, 0.0, 0.0]"
15,8,d_6_8,Dummy,0,"[0, 0, 0.17165143776959477, 0.30161532519736034, 0]","[None, None, ( id: 6, corrupt: False ), ( id: 8, corrupt: False ), Client id: 27]","[0.0, 0.0, 0.0, 0.0, 0.0, 0.0, 0.0, 0.0, 0.0, 0.0, 0.0, 0.0, 0.0, 0.0, 0.0, 0.0, 0.0, 0.0, 0.0, 0.0, 0.0, 0.0, 0.0]"
16,7,d_6_10,Dummy,0,"[0, 0, 0.5633898674784301, 0.11473443255113636, 0]","[None, None, ( id: 6, corrupt: False ), ( id: 7, corrupt: False ), Client id: 66]","[0.006213388133030989, 0.0, 0.0, 0.0, 0.0, 0.0, 0.0, 0.0, 0.0, 0.0, 0.0, 0.0, 0.0, 0.0, 0.0, 0.0, 0.0, 0.0, 0.0, 0.0, 0.0, 0.0, 0.0]"
17,9,d_6_9,Dummy,0,"[0, 0, 0.8322824819133897, 0.042747016469033505, 0]","[None, None, ( id: 6, corrupt: False ), ( id: 9, corrupt: False ), Client id: 20]","[0.002903132211144305, 0.0, 0.0, 0.0, 0.0, 0.0, 0.0, 0.0, 0.0, 0.0, 0.0, 0.0, 0.0, 0.0, 0.0, 0.0, 0.0, 0.0, 0.0, 0.0, 0.0, 0.0, 0.0]"
18,7,d_5_4,Dummy,0,"[0, 0, 0.30980465162967896, 0.13314998314097815, 0]","[None, None, ( id: 5, corrupt: False ), ( id: 7, corrupt: False ), Client id: 86]","[0.004462392913061433, 0.0, 0.0, 0.0, 0.0, 0.0, 0.0, 0.0, 0.0, 0.0, 0.0, 0.0, 0.0, 0.0, 0.0, 0.0, 0.0, 0.0, 0.0, 0.0, 0.0, 0.0, 0.0]"
19,7,d_5_5,Dummy,0,"[0, 0, 0.0675057515634264, 0.24413335269945657, 0]","[None, None, ( id: 5, corrupt: False ), ( id: 7, corrupt: False ), Client id: 50]","[0.0005629345044847278, 0.0, 0.0, 0.0, 0.0, 0.0, 0.0, 0.0, 0.0, 0.0, 0.0, 0.0, 0.0, 0.0, 0.0, 0.0, 0.0, 0.0, 0.0, 0.0, 0.0, 0.0, 0.0]"
20,8,d_4_6,Dummy,0,"[0, 0, 0.3942640783588171, 0.2856037187878687, 0]","[None, None, ( id: 4, corrupt: False ), ( id: 8, corrupt: False ), Client id: 51]","[0.0007710156382640013, 0.0, 0.0, 0.0, 0.0, 0.0, 0.0, 0.0, 0.0, 0.0, 0.0, 0.0, 0.0, 0.0, 0.0, 0.0, 0.0, 0.0, 0.0, 0.0, 0.0, 0.0, 0.0]"
21,9,d_4_7,Dummy,0,"[0, 0, 0.15843194611569553, 0.0748374568744282, 0]","[None, None, ( id: 4, corrupt: False ), ( id: 9, corrupt: False ), Client id: 89]","[0.00059803136044836, 0.0, 0.0, 0.0, 0.0, 0.0, 0.0, 0.0, 0.0, 0.0, 0.0, 0.0, 0.0, 0.0, 0.0, 0.0, 0.0, 0.0, 0.0, 0.0, 0.0, 0.0, 0.0]"
22,9,d_5_7,Dummy,0,"[0, 0, 0.1268720014895069, 0.2717224849977676, 0]","[None, None, ( id: 5, corrupt: False ), ( id: 9, corrupt: False ), Client id: 77]","[2.5358494571424345e-05, 0.005076586589934152, 0.0, 0.0, 0.0, 0.0, 0.0, 0.0, 0.0, 0.0, 0.0, 0.0, 0.0, 0.0, 0.0, 0.0, 0.0, 0.0, 0.0, 0.0, 0.0, 0.0, 0.0]"
23,9,d_5_6,Dummy,0,"[0, 0, 1.0907332947129722, 0.048903400900321414, 0]","[None, None, ( id: 5, corrupt: False ), ( id: 9, corrupt: False ), Client id: 42]","[1.1324486893408247e-05, 0.002272200853620272, 0.0, 0.0, 0.0, 0.0, 0.0, 0.0, 0.0, 0.0, 0.0, 0.0, 0.0, 0.0, 0.0, 0.0, 0.0, 0.0, 0.0, 0.0, 0.0, 0.0, 0.0]"
24,9,d_4_8,Dummy,0,"[0, 0, 0.22999946114329803, 0.19872549005067966, 0]","[None, None, ( id: 4, corrupt: False ), ( id: 9, corrupt: False ), Client id: 55]","[8.292812222341636e-06, 0.0010476968158678937, 0.0, 0.0, 0.0, 0.0, 0.0, 0.0, 0.0, 0.0, 0.0, 0.0, 0.0, 0.0, 0.0, 0.0, 0.0, 0.0, 0.0, 0.0, 0.0, 0.0, 0.0]"
25,7,d_4_9,Dummy,0,"[0, 0, 0.2643827914251074, 0.12994745841325755, 0]","[None, None, ( id: 4, corrupt: False ), ( id: 7, corrupt: False ), Client id: 91]","[1.7634391598620532e-06, 0.0002753734011531923, 0.014672364672364671, 0.0, 0.0, 0.0, 0.0, 0.0, 0.0, 0.0, 0.0, 0.0, 0.0, 0.0, 0.0, 0.0, 0.0, 0.0, 0.0, 0.0, 0.0, 0.0, 0.0]"
26,9,d_6_11,Dummy,0,"[0, 0, 0.2630326626443742, 0.47109624992945415, 0]","[None, None, ( id: 6, corrupt: False ), ( id: 9, corrupt: False ), Client id: 76]","[3.326463230827876e-07, 0.00023170777241651933, 0.01248739207617203, 0.0, 0.0, 0.0, 0.0, 0.0, 0.0, 0.0, 0.0, 0.0, 0.0, 0.0, 0.0, 0.0, 0.0, 0.0, 0.0, 0.0, 0.0, 0.0, 0.0]"
27,9,d_6_12,Dummy,0,"[0, 0, 0.19004591195309758, 0.4706535121111439, 0]","[None, None, ( id: 6, corrupt: False ), ( id: 9, corrupt: False ), Client id: 84]","[3.128951818447517e-07, 0.00021722603664048687, 0.01421525850566564, 0.0, 0.0, 0.0, 0.0, 0.0, 0.0, 0.0, 0.0, 0.0, 0.0, 0.0, 0.0, 0.0, 0.0, 0.0, 0.0, 0.0, 0.0, 0.0, 0.0]"
28,8,d_5_8,Dummy,0,"[0, 0, 0.1615240814671975, 0.4192407182294638, 0]","[None, None, ( id: 5, corrupt: False ), ( id: 8, corrupt: False ), Client id: 20]","[2.9180246857505994e-07, 0.00011854918457664136, 0.002608661571624535, 0.0, 0.0, 0.0, 0.0, 0.0, 0.0, 0.0, 0.0, 0.0, 0.0, 0.0, 0.0, 0.0, 0.0, 0.0, 0.0, 0.0, 0.0, 0.0, 0.0]"
29,8,d_5_9,Dummy,0,"[0, 0, 0.13563473605720516, 0.14858460639717563, 0]","[None, None, ( id: 5, corrupt: False ), ( id: 8, corrupt: False ), Client id: 4]","[6.657206209186461e-08, 3.157064293809375e-05, 0.0026411378268798953, 0.0, 0.0, 0.0, 0.0, 0.0, 0.0, 0.0, 0.0, 0.0, 0.0, 0.0, 0.0, 0.0, 0.0, 0.0, 0.0, 0.0, 0.0, 0.0, 0.0]"
30,8,d_4_10,Dummy,0,"[0, 0, 0.2845831878908428, 0.050363988939742976, 0]","[None, None, ( id: 4, corrupt: False ), ( id: 8, corrupt: False ), Client id: 97]","[8.398715874582985e-08, 1.8244559569475486e-05, 0.004592781273135345, 0.0, 0.0, 0.0, 0.0, 0.0, 0.0, 0.0, 0.0, 0.0, 0.0, 0.0, 0.0, 0.0, 0.0, 0.0, 0.0, 0.0, 0.0, 0.0, 0.0]"
31,8,d_5_10,Dummy,0,"[0, 0, 0.12023302896555405, 0.05901768809181501, 0]","[None, None, ( id: 5, corrupt: False ), ( id: 8, corrupt: False ), Client id: 32]","[4.3522118594282513e-08, 2.040930452563637e-05, 0.0028795215095747096, 0.0, 0.0, 0.0, 0.0, 0.0, 0.0, 0.0, 0.0, 0.0, 0.0, 0.0, 0.0, 0.0, 0.0, 0.0, 0.0, 0.0, 0.0, 0.0, 0.0]"
32,9,d_6_14,Dummy,0,"[0, 0, 0.17258005284075492, 0.07730829411912676, 0]","[None, None, ( id: 6, corrupt: False ), ( id: 9, corrupt: False ), Client id: 38]","[1.2255853878471534e-10, 1.4193931953112357e-07, 4.3725967698033385e-05, 0.002226423228690014, 0.0, 0.0, 0.0, 0.0, 0.0, 0.0, 0.0, 0.0, 0.0, 0.0, 0.0, 0.0, 0.0, 0.0, 0.0, 0.0, 0.0, 0.0, 0.0]"
33,7,d_6_13,Dummy,0,"[0, 0, 0.6592165989574396, 0.0013210713054710495, 0]","[None, None, ( id: 6, corrupt: False ), ( id: 7, corrupt: False ), Client id: 99]","[4.0250156041860925e-11, 4.9552946648941226e-08, 1.5694654727704723e-05, 0.0022434036812894985, 0.0, 0.0, 0.0, 0.0, 0.0, 0.0, 0.0, 0.0, 0.0, 0.0, 0.0, 0.0, 0.0, 0.0, 0.0, 0.0, 0.0, 0.0, 0.0]"
34,7,d_6_15,Dummy,0,"[0, 0, 0.40415136775807353, 0.32237747247617055, 0]","[None, None, ( id: 6, corrupt: False ), ( id: 7, corrupt: False ), Client id: 8]","[3.005102147921743e-11, 3.7463436595616386e-08, 1.1717728642856465e-05, 0.0016749394000577702, 0.0, 0.0, 0.0, 0.0, 0.0, 0.0, 0.0, 0.0, 0.0, 0.0, 0.0, 0.0, 0.0, 0.0, 0.0, 0.0, 0.0, 0.0, 0.0]"
35,8,d_6_16,Dummy,0,"[0, 0, 0.15946471737446985, 0.8290425155858948, 0]","[None, None, ( id: 6, corrupt: False ), ( id: 8, corrupt: False ), Client id: 64]","[2.2955641407735536e-11, 2.861790295498474e-08, 8.95104271329313e-06, 0.001279467597266352, 0.0, 0.0, 0.0, 0.0, 0.0, 0.0, 0.0, 0.0, 0.0, 0.0, 0.0, 0.0, 0.0, 0.0, 0.0, 0.0, 0.0, 0.0, 0.0]"
36,7,d_4_12,Dummy,0,"[0, 0, 0.19974429790629797, 0.41211650187455723, 0]","[None, None, ( id: 4, corrupt: False ), ( id: 7, corrupt: False ), Client id: 39]","[3.9511131640444086e-11, 1.0751511694349777e-08, 4.601221640719757e-06, 0.0014905532667668037, 0.0, 0.0, 0.0, 0.0, 0.0, 0.0, 0.0, 0.0, 0.0, 0.0, 0.0, 0.0, 0.0, 0.0, 0.0, 0.0, 0.0, 0.0, 0.0]"
37,7,d_4_11,Dummy,0,"[0, 0, 1.1084693295887298, 0.1267133622974005, 0]","[None, None, ( id: 4, corrupt: False ), ( id: 7, corrupt: False ), Client id: 0]","[1.5869763961357012e-11, 4.345424159218049e-09, 1.908688114635207e-06, 0.0006596551964273835, 0.0, 0.0, 0.0, 0.0, 0.0, 0.0, 0.0, 0.0, 0.0, 0.0, 0.0, 0.0, 0.0, 0.0, 0.0, 0.0, 0.0, 0.0, 0.0]"
38,9,d_6_17,Dummy,0,"[0, 0, 0.1747267060497646, 0.08048376375855541, 0]","[None, None, ( id: 6, corrupt: False ), ( id: 9, corrupt: False ), Client id: 24]","[2.4235676765720453e-12, 3.0083146566418597e-09, 1.0104919186681246e-06, 0.0002092838248093894, 0.0, 0.0, 0.0, 0.0, 0.0, 0.0, 0.0, 0.0, 0.0, 0.0, 0.0, 0.0, 0.0, 0.0, 0.0, 0.0, 0.0, 0.0, 0.0]"
39,8,d_6_18,Dummy,0,"[0, 0, 0.2529971422689664, 0.007086911196828654, 0]","[None, None, ( id: 6, corrupt: False ), ( id: 8, corrupt: False ), Client id: 75]","[9.433857499796433e-13, 1.1731497687182361e-09, 3.969903865381304e-07, 8.560284398133165e-05, 0.014055208860403668, 0.0, 0.0, 0.0, 0.0, 0.0, 0.0, 0.0, 0.0, 0.0, 0.0, 0.0, 0.0, 0.0, 0.0, 0.0, 0.0, 0.0, 0.0]"
40,9,d_6_19,Dummy,0,"[0, 0, 0.030553489817929994, 0.22482059056214038, 0]","[None, None, ( id: 6, corrupt: False ), ( id: 9, corrupt: False ), Client id: 59]","[4.485791000609126e-13, 5.589364248059061e-10, 1.899282602532969e-07, 4.201832665736943e-05, 0.012490916843840127, 0.0, 0.0, 0.0, 0.0, 0.0, 0.0, 0.0, 0.0, 0.0, 0.0, 0.0, 0.0, 0.0, 0.0, 0.0, 0.0, 0.0, 0.0]"
41,7,d_4_13,Dummy,0,"[0, 0, 0.04846361357567328, 0.028261976410149565, 0]","[None, None, ( id: 4, corrupt: False ), ( id: 7, corrupt: False ), Client id: 95]","[1.5240677600944119e-12, 4.201336347393435e-10, 1.901068819090136e-07, 7.019708458437544e-05, 0.01154462730639008, 0.0, 0.0, 0.0, 0.0, 0.0, 0.0, 0.0, 0.0, 0.0, 0.0, 0.0, 0.0, 0.0, 0.0, 0.0, 0.0, 0.0, 0.0]"
42,9,d_6_20,Dummy,0,"[0, 0, 0.7339191707538689, 0.684754185002367, 0]","[None, None, ( id: 6, corrupt: False ), ( id: 9, corrupt: False ), Client id: 26]","[1.426141295410258e-14, 1.7877579860788213e-11, 6.922420424205211e-09, 2.33785175190992e-06, 0.0024880372925203506, 0.0, 0.0, 0.0, 0.0, 0.0, 0.0, 0.0, 0.0, 0.0, 0.0, 0.0, 0.0, 0.0, 0.0, 0.0, 0.0, 0.0, 0.0]"
43,9,d_4_14,Dummy,0,"[0, 0, 0.035532392862420874, 0.141777385243298, 0]","[None, None, ( id: 4, corrupt: False ), ( id: 9, corrupt: False ), Client id: 31]","[2.8972431724150885e-14, 8.141970474832992e-12, 3.975616641137224e-09, 1.6983853088490025e-06, 0.0008507275132250724, 0.0, 0.0, 0.0, 0.0, 0.0, 0.0, 0.0, 0.0, 0.0, 0.0, 0.0, 0.0, 0.0, 0.0, 0.0, 0.0, 0.0, 0.0]"
44,8,d_6_21,Dummy,0,"[0, 0, 0.033749584274124916, 0.06421147535841708, 0]","[None, None, ( id: 6, corrupt: False ), ( id: 8, corrupt: False ), Client id: 14]","[5.066175850930361e-15, 6.394936599310302e-12, 2.4590970961966945e-09, 8.304905079671033e-07, 0.0010243378578126828, 0.0, 0.0, 0.0, 0.0, 0.0, 0.0, 0.0, 0.0, 0.0, 0.0, 0.0, 0.0, 0.0, 0.0, 0.0, 0.0, 0.0, 0.0]"
45,7,d_4_15,Dummy,0,"[0, 0, 0.07623859794796799, 0.4045133057226692, 0]","[None, None, ( id: 4, corrupt: False ), ( id: 7, corrupt: False ), Client id: 13]","[1.0888482850975963e-14, 3.0668813906715187e-12, 1.5483501542427462e-09, 6.928528464912861e-07, 0.0003624207841434269, 0.0, 0.0, 0.0, 0.0, 0.0, 0.0, 0.0, 0.0, 0.0, 0.0, 0.0, 0.0, 0.0, 0.0, 0.0, 0.0, 0.0, 0.0]"
46,9,d_5_11,Dummy,0,"[0, 0, 0.11264434760881478, 0.6056650539945878, 0]","[None, None, ( id: 5, corrupt: False ), ( id: 9, corrupt: False ), Client id: 76]","[5.72837506442819e-16, 4.509014108208211e-13, 1.6546213067078127e-10, 9.274322053942986e-08, 2.442601043612556e-05, 0.003800044153898586, 0.0, 0.0, 0.0, 0.0, 0.0, 0.0, 0.0, 0.0, 0.0, 0.0, 0.0, 0.0, 0.0, 0.0, 0.0, 0.0, 0.0]"
47,8,d_4_16,Dummy,0,"[0, 0, 0.8133996239907784, 0.044032760696634116, 0]","[None, None, ( id: 4, corrupt: False ), ( id: 8, corrupt: False ), Client id: 36]","[3.097793548391834e-16, 8.865955735409971e-14, 5.067933819059388e-11, 2.638144771636271e-08, 1.730185242424838e-05, 0.004984410665588757, 0.0, 0.0, 0.0, 0.0, 0.0, 0.0, 0.0, 0.0, 0.0, 0.0, 0.0, 0.0, 0.0, 0.0, 0.0, 0.0, 0.0]"
48,7,d_6_22,Dummy,0,"[0, 0, 0.1696065987288615, 0.146387724231771, 0]","[None, None, ( id: 6, corrupt: False ), ( id: 7, corrupt: False ), Client id: 88]","[1.5601646992385147e-16, 1.937520795897838e-13, 8.263470998891917e-11, 3.340097961557589e-08, 3.50706252998229e-05, 0.006534638824249829, 0.0, 0.0, 0.0, 0.0, 0.0, 0.0, 0.0, 0.0, 0.0, 0.0, 0.0, 0.0, 0.0, 0.0, 0.0, 0.0, 0.0]"
49,7,d_4_17,Dummy,0,"[0, 0, 0.6431304736877691, 0.19578445936306085, 0]","[None, None, ( id: 4, corrupt: False ), ( id: 7, corrupt: False ), Client id: 1]","[8.150512723019816e-17, 2.3317588675357526e-14, 1.4320154084772735e-11, 7.933332173756275e-09, 4.8969739035237575e-06, 0.0026760858868845644, 0.0, 0.0, 0.0, 0.0, 0.0, 0.0, 0.0, 0.0, 0.0, 0.0, 0.0, 0.0, 0.0, 0.0, 0.0, 0.0, 0.0]"
50,8,d_6_23,Dummy,0,"[0, 0, 0.15406352696618383, 0.24851071384125498, 0]","[None, None, ( id: 6, corrupt: False ), ( id: 8, corrupt: False ), Client id: 36]","[2.000029413778726e-17, 2.4604845573073854e-14, 1.1065627498984406e-11, 4.81714895580603e-09, 4.689148617387426e-06, 0.0015495910435086204, 0.0, 0.0, 0.0, 0.0, 0.0, 0.0, 0.0, 0.0, 0.0, 0.0, 0.0, 0.0, 0.0, 0.0, 0.0, 0.0, 0.0]"
51,7,d_5_12,Dummy,0,"[0, 0, 0.16501574470296698, 0.028267708039709318, 0]","[None, None, ( id: 5, corrupt: False ), ( id: 7, corrupt: False ), Client id: 1]","[1.8376878625363144e-19, 1.3803189116099115e-16, 7.44853713928066e-14, 5.178626883914094e-11, 1.1574509483929764e-08, 1.2260774183624254e-05, 0.005484764900387125, 0.0, 0.0, 0.0, 0.0, 0.0, 0.0, 0.0, 0.0, 0.0, 0.0, 0.0, 0.0, 0.0, 0.0, 0.0, 0.0]"
52,7,d_4_18,Dummy,0,"[0, 0, 0.05098707511731204, 0.18604442359114484, 0]","[None, None, ( id: 4, corrupt: False ), ( id: 7, corrupt: False ), Client id: 11]","[1.2297005484950232e-21, 3.69646506395193e-19, 4.551217184751957e-16, 3.602459132612941e-13, 2.2145038295235925e-10, 1.9087593716601788e-07, 7.32597131463262e-05, 0.017951245999085506, 0.0, 0.0, 0.0, 0.0, 0.0, 0.0, 0.0, 0.0, 0.0, 0.0, 0.0, 0.0, 0.0, 0.0, 0.0]"
53,8,d_5_13,Dummy,0,"[0, 0, 0.04221162114661275, 0.17939361949321697, 0]","[None, None, ( id: 5, corrupt: False ), ( id: 8, corrupt: False ), Client id: 92]","[1.3227959011240684e-21, 9.781967023347372e-19, 6.240006470119114e-16, 4.631922571168532e-13, 1.361548600947899e-10, 1.0492456009343991e-07, 7.566974180987957e-05, 0.012018314808952673, 0.0, 0.0, 0.0, 0.0, 0.0, 0.0, 0.0, 0.0, 0.0, 0.0, 0.0, 0.0, 0.0, 0.0, 0.0]"
54,9,d_5_14,Dummy,0,"[0, 0, 0.16224820709259125, 0.04252619284500231, 0]","[None, None, ( id: 5, corrupt: False ), ( id: 9, corrupt: False ), Client id: 54]","[9.754593990749192e-22, 7.203084808101246e-19, 4.628718515555183e-16, 3.443681146991953e-13, 1.0025948788798164e-10, 7.91240583687138e-08, 5.692104823561137e-05, 0.008849849995683329, 0.0, 0.0, 0.0, 0.0, 0.0, 0.0, 0.0, 0.0, 0.0, 0.0, 0.0, 0.0, 0.0, 0.0, 0.0]"
55,7,d_5_15,Dummy,0,"[0, 0, 0.055558195171495024, 0.10347679842052937, 0]","[None, None, ( id: 5, corrupt: False ), ( id: 7, corrupt: False ), Client id: 43]","[9.600101154931766e-23, 7.057857106616787e-20, 4.8019897549946816e-17, 3.6429722007110176e-14, 1.1732800298674006e-11, 1.0829013752656564e-08, 6.617810674345205e-06, 0.003520060454864603, 0.0, 0.0, 0.0, 0.0, 0.0, 0.0, 0.0, 0.0, 0.0, 0.0, 0.0, 0.0, 0.0, 0.0, 0.0]"
56,9,d_6_25,Dummy,0,"[0, 0, 0.143076997740011, 0.12544090098754673, 0]","[None, None, ( id: 6, corrupt: False ), ( id: 9, corrupt: False ), Client id: 4]","[3.8705224432630745e-24, 3.0210411459392136e-21, 5.360438473685546e-18, 4.580263271015088e-15, 1.7364925097556975e-12, 1.40472357373323e-09, 1.4709281040358442e-06, 0.0011768671395887464, 0.0, 0.0, 0.0, 0.0, 0.0, 0.0, 0.0, 0.0, 0.0, 0.0, 0.0, 0.0, 0.0, 0.0, 0.0]"
57,9,d_4_19,Dummy,0,"[0, 0, 0.052304702573846396, 0.40214682418666836, 0]","[None, None, ( id: 4, corrupt: False ), ( id: 9, corrupt: False ), Client id: 83]","[3.552994774701315e-24, 1.111107179177346e-21, 2.06375187255543e-18, 1.7942757954721526e-15, 1.0612782493866091e-12, 6.695758725608736e-10, 5.039344003571485e-07, 0.0006961320855792535, 0.0, 0.0, 0.0, 0.0, 0.0, 0.0, 0.0, 0.0, 0.0, 0.0, 0.0, 0.0, 0.0, 0.0, 0.0]"
58,9,d_6_24,Dummy,0,"[0, 0, 0.46777819877502297, 0.09601761730695506, 0]","[None, None, ( id: 6, corrupt: False ), ( id: 9, corrupt: False ), Client id: 95]","[2.3939403598772974e-24, 1.6334518236300272e-21, 3.640240321411791e-18, 3.200986448982253e-15, 9.68511208402709e-13, 8.062959798110289e-10, 1.060436927963464e-06, 0.0006800538630775003, 0.0, 0.0, 0.0, 0.0, 0.0, 0.0, 0.0, 0.0, 0.0, 0.0, 0.0, 0.0, 0.0, 0.0, 0.0]"
59,8,d_4_21,Dummy,0,"[0, 0, 0.29046744754929876, 0.24652084909466013, 0]","[None, None, ( id: 4, corrupt: False ), ( id: 8, corrupt: False ), Client id: 12]","[8.305959304195885e-25, 2.39625715653193e-22, 6.319454040193198e-19, 5.698774890210022e-16, 2.4087055309575634e-13, 1.6820632909629385e-10, 1.7615886476373596e-07, 0.00016959424689171724, 0.01658181954951301, 0.0, 0.0, 0.0, 0.0, 0.0, 0.0, 0.0, 0.0, 0.0, 0.0, 0.0, 0.0, 0.0, 0.0]"
60,7,d_4_20,Dummy,0,"[0, 0, 0.657345622437815, 0.5910488952153904, 0]","[None, None, ( id: 4, corrupt: False ), ( id: 7, corrupt: False ), Client id: 51]","[6.722823709595535e-25, 1.9170057252255436e-22, 5.243958716438967e-19, 4.742383694818882e-16, 1.9269644247660507e-13, 1.3617943648721132e-10, 1.4761812175010835e-07, 0.00013567539751337378, 0.017194027068181836, 0.0, 0.0, 0.0, 0.0, 0.0, 0.0, 0.0, 0.0, 0.0, 0.0, 0.0, 0.0, 0.0, 0.0]"
61,9,d_5_16,Dummy,0,"[0, 0, 0.1487709230184969, 0.19571548287401735, 0]","[None, None, ( id: 5, corrupt: False ), ( id: 9, corrupt: False ), Client id: 72]","[9.592536333822524e-25, 6.467132265121947e-22, 6.664123908148343e-19, 5.560891052535734e-16, 1.4723910954398302e-13, 1.369044559743682e-10, 1.4299760324825772e-07, 8.746859858690236e-05, 0.011217496197948443, 0.0, 0.0, 0.0, 0.0, 0.0, 0.0, 0.0, 0.0, 0.0, 0.0, 0.0, 0.0, 0.0, 0.0]"
62,8,d_5_17,Dummy,0,"[0, 0, 0.19010809431860906, 0.2590700128191829, 0]","[None, None, ( id: 5, corrupt: False ), ( id: 8, corrupt: False ), Client id: 87]","[1.2214870801939575e-25, 8.223300006803345e-23, 8.610685998843468e-20, 7.209529026577677e-17, 1.9820084210326743e-14, 1.9023028323081373e-11, 1.872296357772398e-08, 1.2647776479411621e-05, 0.0017852680700141336, 0.0, 0.0, 0.0, 0.0, 0.0, 0.0, 0.0, 0.0, 0.0, 0.0, 0.0, 0.0, 0.0, 0.0]"
63,9,d_5_18,Dummy,0,"[0, 0, 0.2607606462606372, 0.6065283468026204, 0]","[None, None, ( id: 5, corrupt: False ), ( id: 9, corrupt: False ), Client id: 2]","[1.8087103996807474e-27, 1.047842841693788e-24, 1.7680719786205633e-21, 1.575095608666335e-18, 3.2443062536296197e-16, 2.9026250141641765e-13, 4.803645354619988e-10, 2.610481348315429e-07, 0.00016745031271847989, 0.0, 0.0, 0.0, 0.0, 0.0, 0.0, 0.0, 0.0, 0.0, 0.0, 0.0, 0.0, 0.0, 0.0]"
64,8,d_4_22,Dummy,0,"[0, 0, 0.11950455904757616, 0.04277487922915173, 0]","[None, None, ( id: 4, corrupt: False ), ( id: 8, corrupt: False ), Client id: 22]","[6.467947964002899e-28, 1.3819648828501702e-25, 8.529737682187463e-22, 8.068819530704689e-19, 1.7065949819204197e-16, 1.1633043159592443e-13, 2.7803554869433814e-10, 1.4933581316765134e-07, 0.00011844659805421876, 0.0, 0.0, 0.0, 0.0, 0.0, 0.0, 0.0, 0.0, 0.0, 0.0, 0.0, 0.0, 0.0, 0.0]"
65,8,d_4_24,Dummy,0,"[0, 0, 0.20043164731522958, 0.010601010962482652, 0]","[None, None, ( id: 4, corrupt: False ), ( id: 8, corrupt: False ), Client id: 47]","[3.9929678757364823e-28, 8.608465696240127e-26, 5.265807446656544e-22, 4.981261036812589e-19, 1.0780390114107015e-16, 7.325699580898322e-14, 1.7164439485721893e-10, 9.545429066539792e-08, 7.312264471714527e-05, 0.011437816663123586, 0.0, 0.0, 0.0, 0.0, 0.0, 0.0, 0.0, 0.0, 0.0, 0.0, 0.0, 0.0, 0.0]"
66,9,d_4_23,Dummy,0,"[0, 0, 0.3444751035038582, 0.20694026402080853, 0]","[None, None, ( id: 4, corrupt: False ), ( id: 9, corrupt: False ), Client id: 33]","[2.8394438227459427e-28, 6.163530680100178e-26, 3.744574184289099e-22, 3.5422300706222853e-19, 7.799518259065964e-17, 5.2093863686388064e-14, 1.2205823634291124e-10, 6.965733660026377e-08, 5.199832513219219e-05, 0.014369922152362633, 0.0, 0.0, 0.0, 0.0, 0.0, 0.0, 0.0, 0.0, 0.0, 0.0, 0.0, 0.0, 0.0]"
67,7,d_6_26,Dummy,0,"[0, 0, 0.3061538517574084, 0.24660954513016436, 0]","[None, None, ( id: 6, corrupt: False ), ( id: 7, corrupt: False ), Client id: 2]","[1.1091394444012597e-28, 2.7337408728203316e-26, 2.3956902935147003e-22, 2.286696856595944e-19, 3.132969244864701e-17, 2.4937653864150814e-14, 8.202645186327178e-11, 3.371785456642654e-08, 3.701502218036814e-05, 0.009205622566801774, 0.0, 0.0, 0.0, 0.0, 0.0, 0.0, 0.0, 0.0, 0.0, 0.0, 0.0, 0.0, 0.0]"
68,8,d_6_27,Dummy,0,"[0, 0, 0.023892656313231057, 0.47143036119954346, 0]","[None, None, ( id: 6, corrupt: False ), ( id: 8, corrupt: False ), Client id: 62]","[1.2434299311309922e-29, 2.7383823415310166e-27, 2.721104241167929e-23, 2.6036263596451626e-20, 3.1732921820969316e-18, 2.6484956217322206e-15, 9.359786319506636e-12, 3.429218003858211e-09, 4.386026568927833e-06, 0.0011720053685784243, 0.0, 0.0, 0.0, 0.0, 0.0, 0.0, 0.0, 0.0, 0.0, 0.0, 0.0, 0.0, 0.0]"
69,9,d_4_25,Dummy,0,"[0, 0, 0.3795400634346148, 0.191453222927186, 0]","[None, None, ( id: 4, corrupt: False ), ( id: 9, corrupt: False ), Client id: 77]","[7.049910424720531e-31, 1.2133131875810022e-28, 1.1031139844502182e-24, 1.0539518567915237e-21, 1.5866763310146705e-19, 1.0650155827264527e-16, 3.7073256571534277e-13, 1.4545197224429526e-10, 1.7981153165927284e-07, 6.747903595878099e-05, 0.01164280840438197, 0.0, 0.0, 0.0, 0.0, 0.0, 0.0, 0.0, 0.0, 0.0, 0.0, 0.0, 0.0]"
70,7,d_6_29,Dummy,0,"[0, 0, 0.3294519813739899, 0.10146341901439011, 0]","[None, None, ( id: 6, corrupt: False ), ( id: 7, corrupt: False ), Client id: 48]","[1.0775579189001901e-31, 1.1425432793086905e-29, 2.488234837032858e-25, 2.4037720973685556e-22, 1.4088468800534052e-20, 1.2235440787691819e-17, 8.714819909020959e-14, 1.556116512610766e-11, 4.670907023259738e-08, 1.0946806361098576e-05, 0.005868914161050381, 0.0, 0.0, 0.0, 0.0, 0.0, 0.0, 0.0, 0.0, 0.0, 0.0, 0.0, 0.0]"
71,8,d_6_28,Dummy,0,"[0, 0, 1.0330512864850308, 0.4692868489790169, 0]","[None, None, ( id: 6, corrupt: False ), ( id: 8, corrupt: False ), Client id: 34]","[3.436017000255774e-32, 3.3984774502569686e-30, 7.959659123905346e-26, 7.693718472497118e-23, 4.216237153553692e-21, 3.982014764428525e-18, 2.7906866171302844e-14, 4.6665258962027195e-12, 1.506401569554914e-08, 3.439173390084197e-06, 0.002210486133416541, 0.0, 0.0, 0.0, 0.0, 0.0, 0.0, 0.0, 0.0, 0.0, 0.0, 0.0, 0.0]"
72,9,d_4_26,Dummy,0,"[0, 0, 0.17011137964829368, 0.12920533057244007, 0]","[None, None, ( id: 4, corrupt: False ), ( id: 9, corrupt: False ), Client id: 91]","[8.278262886233634e-32, 1.2990005326762658e-29, 1.3587871822360063e-25, 1.301453397208158e-22, 1.7042896762251198e-20, 1.1576087518749027e-17, 4.601021365268894e-14, 1.5662634877725955e-11, 2.2970276286116694e-08, 7.648969823961826e-06, 0.002306433352317032, 0.0, 0.0, 0.0, 0.0, 0.0, 0.0, 0.0, 0.0, 0.0, 0.0, 0.0, 0.0]"
73,9,d_5_19,Dummy,0,"[0, 0, 0.33250078578273684, 0.5721723660257955, 0]","[None, None, ( id: 5, corrupt: False ), ( id: 9, corrupt: False ), Client id: 42]","[6.11979098250104e-33, 9.653133996531606e-32, 1.458862688092558e-26, 1.418877740321289e-23, 9.623011949501256e-23, 1.549835019853398e-19, 5.170936312206787e-15, 1.1624433905968426e-13, 3.0280336879646845e-09, 3.40264961196346e-07, 0.00039802704179010595, 0.0, 0.0, 0.0, 0.0, 0.0, 0.0, 0.0, 0.0, 0.0, 0.0, 0.0, 0.0]"
74,9,d_5_21,Dummy,0,"[0, 0, 0.0881487608412604, 0.2882337081758028, 0]","[None, None, ( id: 5, corrupt: False ), ( id: 9, corrupt: False ), Client id: 76]","[1.06734938860666e-33, 1.5924495034912157e-32, 2.547409466717754e-27, 2.4777606028811796e-24, 1.7376593029006905e-23, 4.4703273157911384e-20, 9.031023007504637e-16, 2.1263520414052847e-14, 5.289800182123096e-10, 6.392914194114319e-08, 8.745558653526103e-05, 0.004774305555555555, 0.0, 0.0, 0.0, 0.0, 0.0, 0.0, 0.0, 0.0, 0.0, 0.0, 0.0]"
75,8,d_5_22,Dummy,0,"[0, 0, 0.09529026240745804, 0.058930168102325535, 0]","[None, None, ( id: 5, corrupt: False ), ( id: 8, corrupt: False ), Client id: 25]","[7.085732302248676e-34, 1.0656888201709848e-32, 1.691350960430237e-27, 1.6451202010887415e-24, 1.2063154642034374e-23, 3.304168238738784e-20, 5.996269400731604e-16, 1.4833662699159366e-14, 3.51233303470195e-10, 4.503799324513994e-08, 6.483204227582233e-05, 0.013588078659205149, 0.0, 0.0, 0.0, 0.0, 0.0, 0.0, 0.0, 0.0, 0.0, 0.0, 0.0]"
76,8,d_5_20,Dummy,0,"[0, 0, 0.64574362702259, 0.3492281245356336, 0]","[None, None, ( id: 5, corrupt: False ), ( id: 8, corrupt: False ), Client id: 38]","[3.7284445174686716e-34, 5.595032023806395e-33, 8.901891846079073e-28, 8.658693681218225e-25, 6.5584802896991825e-24, 1.8756573046059467e-20, 3.156071488449902e-16, 8.100774649544435e-15, 1.8487752215893318e-10, 2.481445483411526e-08, 3.7305049234477466e-05, 0.012519084750296245, 0.0, 0.0, 0.0, 0.0, 0.0, 0.0, 0.0, 0.0, 0.0, 0.0, 0.0]"
77,8,d_6_30,Dummy,0,"[0, 0, 0.1191065183248095, 0.03993154424074226, 0]","[None, None, ( id: 6, corrupt: False ), ( id: 8, corrupt: False ), Client id: 39]","[4.1266761511575095e-34, 2.413790157491477e-32, 9.729707538085386e-28, 9.432985027972618e-25, 3.1224595702105007e-23, 3.7033006974956754e-20, 3.4305425116910113e-16, 3.503291674989099e-14, 1.9229295995810229e-10, 3.355379070212386e-08, 3.887270457702893e-05, 0.004728769173213619, 0.0, 0.0, 0.0, 0.0, 0.0, 0.0, 0.0, 0.0, 0.0, 0.0, 0.0]"
78,8,d_5_23,Dummy,0,"[0, 0, 0.07572240950607648, 0.4323046608134541, 0]","[None, None, ( id: 5, corrupt: False ), ( id: 8, corrupt: False ), Client id: 99]","[2.7936881140344207e-34, 4.176276996604768e-33, 6.670710183085872e-28, 6.488501956547474e-25, 4.933543944451181e-24, 1.420049843020349e-20, 2.365064524756749e-16, 6.0996092471153446e-15, 1.385443359656694e-10, 1.8720076257852168e-08, 2.8398720622525378e-05, 0.01025647725701155, 0.0, 0.0, 0.0, 0.0, 0.0, 0.0, 0.0, 0.0, 0.0, 0.0, 0.0]"
79,7,d_5_25,Dummy,0,"[0, 0, 0.07646272904369714, 0.21509285584579027, 0]","[None, None, ( id: 5, corrupt: False ), ( id: 7, corrupt: False ), Client id: 24]","[5.316796352842453e-35, 8.066561400427763e-34, 1.2697043532606791e-28, 1.2350324907312182e-25, 9.96407630270087e-25, 3.222494460689772e-21, 4.501766802437237e-17, 1.2385808911323857e-15, 2.637189524952405e-11, 3.8415685267241496e-09, 6.116314344537638e-06, 0.0030211676029375553, 0.0, 0.0, 0.0, 0.0, 0.0, 0.0, 0.0, 0.0, 0.0, 0.0, 0.0]"
80,8,d_5_24,Dummy,0,"[0, 0, 0.3457258034038463, 0.40061111205270544, 0]","[None, None, ( id: 5, corrupt: False ), ( id: 8, corrupt: False ), Client id: 97]","[1.9786805091113416e-35, 3.059256959491983e-34, 4.7256263300451413e-29, 4.596602685078344e-26, 3.929484926672542e-25, 1.4483250415544533e-21, 1.6755014317630055e-17, 4.906616115905296e-16, 9.815441583628726e-12, 1.53510207354159e-09, 2.538164491209551e-06, 0.0015059906398207357, 0.0, 0.0, 0.0, 0.0, 0.0, 0.0, 0.0, 0.0, 0.0, 0.0, 0.0]"
81,9,d_5_26,Dummy,0,"[0, 0, 0.27172364488912304, 0.10239059769073718, 0]","[None, None, ( id: 5, corrupt: False ), ( id: 9, corrupt: False ), Client id: 56]","[1.8519005774795677e-35, 2.855306495525851e-34, 4.422971343209095e-29, 4.302218446456522e-26, 3.667519264894373e-25, 1.3517700387841564e-21, 1.5682006051799264e-17, 4.579508374844943e-16, 9.186908679341145e-12, 1.432761935305484e-09, 2.3689535251289146e-06, 0.0014055912638326865, 0.0, 0.0, 0.0, 0.0, 0.0, 0.0, 0.0, 0.0, 0.0, 0.0, 0.0]"
82,7,d_5_28,Dummy,0,"[0, 0, 0.12911175700687308, 0.04966024422621079, 0]","[None, None, ( id: 5, corrupt: False ), ( id: 7, corrupt: False ), Client id: 89]","[2.6256656135742043e-36, 4.186281097707678e-35, 6.271763882717578e-30, 6.100580610692559e-27, 5.728805062755736e-26, 2.1506726014840398e-22, 2.2237497255165693e-18, 7.202967357925532e-17, 1.3027625376280428e-12, 2.2832204906657212e-10, 3.983620499522436e-07, 0.00029020539190887664, 0.006313131313131314, 0.0, 0.0, 0.0, 0.0, 0.0, 0.0, 0.0, 0.0, 0.0, 0.0]"
83,9,d_5_27,Dummy,0,"[0, 0, 0.1467166609444004, 0.28405802860841584, 0]","[None, None, ( id: 5, corrupt: False ), ( id: 9, corrupt: False ), Client id: 71]","[2.6256656135742043e-36, 4.186281097707678e-35, 6.271763882717579e-30, 6.1005806106925584e-27, 5.728805062755736e-26, 2.1506726014840398e-22, 2.2237497255165697e-18, 7.20296735792553e-17, 1.302762537628043e-12, 2.2832204906657212e-10, 3.983620499522436e-07, 0.0002902053919088766, 0.006313131313131314, 0.0, 0.0, 0.0, 0.0, 0.0, 0.0, 0.0, 0.0, 0.0, 0.0]"
84,7,d_6_31,Dummy,0,"[0, 0, 0.09114254667719122, 0.05819411221992003, 0]","[None, None, ( id: 6, corrupt: False ), ( id: 7, corrupt: False ), Client id: 66]","[1.170937785431827e-37, 6.522488978892182e-36, 2.7700118607271206e-31, 2.6870466129771755e-28, 9.644912096815357e-27, 1.821408658974854e-23, 9.776893025017622e-20, 1.1250207736372272e-17, 5.517944037607011e-14, 1.7686602595819622e-11, 3.2389255480217896e-08, 3.33234500504054e-05, 0.003907484824732865, 0.0, 0.0, 0.0, 0.0, 0.0, 0.0, 0.0, 0.0, 0.0, 0.0]"
85,7,d_5_29,Dummy,0,"[0, 0, 0.5551551991375265, 0.05744054327840666, 0]","[None, None, ( id: 5, corrupt: False ), ( id: 7, corrupt: False ), Client id: 10]","[4.141815641500167e-38, 7.27694364114021e-37, 9.89815608756326e-32, 9.628268572770323e-29, 1.1741714883740484e-27, 4.0037906667484385e-24, 3.5098214690436235e-20, 1.4999219416309577e-18, 2.05641235720164e-14, 4.89476022751257e-12, 9.512801482497158e-09, 9.310444842234565e-06, 0.0016437076384792151, 0.0, 0.0, 0.0, 0.0, 0.0, 0.0, 0.0, 0.0, 0.0, 0.0]"
86,7,d_5_30,Dummy,0,"[0, 0, 0.07554819417791953, 0.6674146018933046, 0]","[None, None, ( id: 5, corrupt: False ), ( id: 7, corrupt: False ), Client id: 76]","[1.3861666874032569e-38, 2.4584145357525047e-37, 3.3139655015229424e-32, 3.2236785156046517e-29, 4.152172019432809e-28, 1.4354041445784576e-24, 1.1751844952712064e-20, 5.324922801643023e-19, 6.8860079719921834e-15, 1.7498764094049678e-12, 3.4828184930298177e-09, 3.588861962110614e-06, 0.0008256833990876074, 0.0, 0.0, 0.0, 0.0, 0.0, 0.0, 0.0, 0.0, 0.0, 0.0]"
87,9,d_4_27,Dummy,0,"[0, 0, 0.06956947349475869, 0.7005060027971919, 0]","[None, None, ( id: 4, corrupt: False ), ( id: 9, corrupt: False ), Client id: 15]","[1.4561526842161592e-38, 1.6052849184506273e-36, 2.7580641762392036e-32, 2.659498765297845e-29, 2.2333016193140248e-27, 2.4038029688532652e-24, 9.529439923971328e-21, 2.141977638381933e-18, 5.116525977628727e-15, 1.9165062594886544e-12, 2.7100798305326353e-09, 2.9725348496418244e-06, 0.0010308665449196097, 0.0, 0.0, 0.0, 0.0, 0.0, 0.0, 0.0, 0.0, 0.0, 0.0]"
88,9,d_6_33,Dummy,0,"[0, 0, 0.1427799324240364, 0.04766815864780497, 0]","[None, None, ( id: 6, corrupt: False ), ( id: 9, corrupt: False ), Client id: 73]","[2.675870897209453e-39, 1.4662420477777165e-37, 6.337894409346541e-33, 6.149333366385141e-30, 2.2802403791500933e-28, 4.217023206286695e-25, 2.2378517426430837e-21, 2.694595318450938e-19, 1.2661690945776058e-15, 4.776045122041278e-13, 9.312535268959609e-10, 1.0465691335234272e-06, 0.0001454615253224858, 0.004513888888888889, 0.0, 0.0, 0.0, 0.0, 0.0, 0.0, 0.0, 0.0, 0.0]"
89,9,d_4_29,Dummy,0,"[0, 0, 0.23130222464754174, 0.8405923111435852, 0]","[None, None, ( id: 4, corrupt: False ), ( id: 9, corrupt: False ), Client id: 23]","[7.1605282040685325e-40, 7.53741580266357e-38, 1.3797094719287683e-33, 1.3313862680422749e-30, 1.0738875485940822e-28, 1.3153292793148545e-25, 4.7775706321141395e-22, 1.0467541505063659e-19, 2.5845960257944627e-16, 1.0928647618765675e-13, 1.7543526907478283e-10, 2.07953129353175e-07, 8.925048689472787e-05, 0.01954820299727707, 0.0, 0.0, 0.0, 0.0, 0.0, 0.0, 0.0, 0.0, 0.0]"
90,8,d_6_32,Dummy,0,"[0, 0, 0.3777858393150776, 0.23432827597784683, 0]","[None, None, ( id: 6, corrupt: False ), ( id: 8, corrupt: False ), Client id: 54]","[1.8863114561974434e-39, 1.0263694334444019e-37, 4.4683898295546334e-33, 4.335546076707018e-30, 1.596168265405065e-28, 3.0360995122609993e-25, 1.5778129060900588e-21, 1.8862167229156564e-19, 8.929628455494618e-16, 3.343231585428894e-13, 6.518774688271725e-10, 7.32598393466399e-07, 0.00011873885522557848, 0.013297158398110043, 0.0, 0.0, 0.0, 0.0, 0.0, 0.0, 0.0, 0.0, 0.0]"
91,7,d_4_28,Dummy,0,"[0, 0, 0.2776008800338272, 0.5752097708633614, 0]","[None, None, ( id: 4, corrupt: False ), ( id: 7, corrupt: False ), Client id: 70]","[5.114663002906094e-40, 5.42931872037985e-38, 9.85506765663406e-34, 9.509901914587677e-31, 7.815207027375222e-29, 9.395209137963246e-26, 3.4125504515101e-22, 7.669506690686177e-20, 1.8461400184246163e-16, 8.481767470168453e-14, 1.415916507761742e-10, 1.7139452715445126e-07, 6.375034778194847e-05, 0.013963002140912192, 0.0, 0.0, 0.0, 0.0, 0.0, 0.0, 0.0, 0.0, 0.0]"
92,9,d_6_34,Dummy,0,"[0, 0, 0.31470906632665757, 0.3441245960104505, 0]","[None, None, ( id: 6, corrupt: False ), ( id: 9, corrupt: False ), Client id: 16]","[1.7562986098042296e-39, 9.53057331055516e-38, 4.160620148664441e-33, 4.036960734710722e-30, 1.4821562464475602e-28, 2.8192352613852135e-25, 1.4691611563504864e-21, 1.7514869569931096e-19, 8.315572161405978e-16, 3.1044293293268304e-13, 6.053147924823744e-10, 6.802699367902276e-07, 0.00011025750842375145, 0.01234736136967361, 0.0, 0.0, 0.0, 0.0, 0.0, 0.0, 0.0, 0.0, 0.0]"
93,7,d_6_35,Dummy,0,"[0, 0, 0.0820802513841947, 0.6672545684397171, 0]","[None, None, ( id: 6, corrupt: False ), ( id: 7, corrupt: False ), Client id: 35]","[5.875324868297893e-40, 3.1480702802772207e-38, 1.3922890063862388e-33, 1.3509802417631399e-30, 4.9177701548347506e-29, 9.652770265877992e-26, 4.916816297247925e-22, 5.817911412144159e-20, 2.78475153238694e-16, 1.0411510258465958e-13, 2.0393401632453827e-10, 2.3054544252418824e-07, 4.390925512888675e-05, 0.008643379251043233, 0.0, 0.0, 0.0, 0.0, 0.0, 0.0, 0.0, 0.0, 0.0]"
94,7,d_5_31,Dummy,0,"[0, 0, 0.551503215187353, 0.12519420348669513, 0]","[None, None, ( id: 5, corrupt: False ), ( id: 7, corrupt: False ), Client id: 87]","[2.2420839094123297e-41, 4.084069500351793e-40, 5.376455288237279e-35, 5.230895530741022e-32, 8.936656199614875e-31, 3.5698081861606455e-27, 1.907505971382408e-23, 1.1679416769223152e-21, 1.1184286998912716e-17, 3.9654625839568465e-15, 8.744631339758076e-12, 1.0838757193494366e-08, 4.89744121906684e-06, 0.00201402575572965, 0.0, 0.0, 0.0, 0.0, 0.0, 0.0, 0.0, 0.0, 0.0]"
95,7,d_6_36,Dummy,0,"[0, 0, 0.03121329348798006, 0.029289494383069273, 0]","[None, None, ( id: 6, corrupt: False ), ( id: 7, corrupt: False ), Client id: 37]","[4.088605251382984e-41, 2.1197903275538862e-39, 9.698360775294084e-35, 9.412161732074909e-32, 3.384486339750416e-30, 7.14280982870395e-27, 3.4259917255298967e-23, 4.025466283878398e-21, 1.944244657486299e-17, 7.532178272507504e-15, 1.5056110301148202e-11, 1.746269473077194e-08, 4.46380045224357e-06, 0.001510538486684911, 0.0, 0.0, 0.0, 0.0, 0.0, 0.0, 0.0, 0.0, 0.0]"
96,9,d_4_30,Dummy,0,"[0, 0, 1.0648432892195099, 0.058322991645452356, 0]","[None, None, ( id: 4, corrupt: False ), ( id: 9, corrupt: False ), Client id: 0]","[4.873072826719704e-43, 3.82070605801726e-41, 1.0250795636447927e-36, 9.927282435986417e-34, 6.415811296280839e-32, 1.3505525098188188e-28, 3.5875232878923355e-25, 6.88417610629293e-23, 2.010798940384143e-19, 1.2965757626010927e-16, 2.743425565476239e-13, 3.685311994285117e-10, 1.955031784500865e-07, 0.00010245199007379557, 0.009712668632205232, 0.0, 0.0, 0.0, 0.0, 0.0, 0.0, 0.0, 0.0]"
97,7,d_4_32,Dummy,0,"[0, 0, 0.1319162914168901, 0.44335280582637104, 0]","[None, None, ( id: 4, corrupt: False ), ( id: 7, corrupt: False ), Client id: 92]","[3.409863203760572e-43, 2.627909250734641e-41, 7.199677555026823e-37, 6.9734704330723225e-34, 4.446296225462802e-32, 9.555377707431229e-29, 2.520790617145592e-25, 4.7892890409503574e-23, 1.4148739902634902e-19, 9.173459255006942e-17, 1.950745964061069e-13, 2.6253193589525304e-10, 1.402594947541358e-07, 7.402346266722702e-05, 0.008909891015481458, 0.0, 0.0, 0.0, 0.0, 0.0, 0.0, 0.0, 0.0]"
98,7,d_4_31,Dummy,0,"[0, 0, 0.6004525136056772, 0.022837045913175286, 0]","[None, None, ( id: 4, corrupt: False ), ( id: 7, corrupt: False ), Client id: 39]","[3.1825389901765346e-43, 2.452715300685665e-41, 6.719699051358369e-37, 6.508572404200834e-34, 4.149876477098616e-32, 9.090612444767251e-29, 2.3527379093358865e-25, 4.470003104887001e-23, 1.320549057579257e-19, 8.561895304673148e-17, 1.8206962331236648e-13, 2.450298068355695e-10, 1.3437025289828778e-07, 7.116293690127792e-05, 0.008315898281116027, 0.0, 0.0, 0.0, 0.0, 0.0, 0.0, 0.0, 0.0]"
99,9,d_4_33,Dummy,0,"[0, 0, 0.03336175883432542, 0.2899634033336281, 0]","[None, None, ( id: 4, corrupt: False ), ( id: 9, corrupt: False ), Client id: 50]","[9.338728288164039e-44, 7.154140621330669e-42, 1.9790486317293077e-37, 1.9171413760738888e-34, 1.2315549348747071e-32, 2.757299942097219e-29, 6.932066190575263e-26, 1.3380846152467898e-23, 3.8961570888739583e-20, 2.6585764114489085e-17, 5.71319268464097e-14, 7.718331654078982e-11, 4.1597060762466665e-08, 2.2251554450603096e-05, 0.0038322969344182266, 0.0, 0.0, 0.0, 0.0, 0.0, 0.0, 0.0, 0.0]"
100,8,d_6_37,Dummy,0,"[0, 0, 0.9581947955201502, 0.1055653254643538, 0]","[None, None, ( id: 6, corrupt: False ), ( id: 8, corrupt: False ), Client id: 28]","[2.624709214989239e-44, 1.3120674023012193e-42, 6.240779898248893e-38, 6.059031474864291e-35, 2.3112688359254492e-33, 6.217054994301092e-30, 2.2062276071790015e-26, 2.8112808452203253e-24, 1.2580488899298031e-20, 6.206965235941541e-18, 1.3241416299015489e-14, 1.6551967590974634e-11, 7.0088115293449605e-09, 3.554511711378386e-06, 0.0009931119635468342, 0.0, 0.0, 0.0, 0.0, 0.0, 0.0, 0.0, 0.0]"
101,8,d_6_38,Dummy,0,"[0, 0, 0.35617231784267167, 0.2925285040336214, 0]","[None, None, ( id: 6, corrupt: False ), ( id: 8, corrupt: False ), Client id: 61]","[2.624709214989239e-44, 1.3120674023012193e-42, 6.240779898248893e-38, 6.05903147486429e-35, 2.3112688359254492e-33, 6.217054994301092e-30, 2.2062276071790015e-26, 2.8112808452203253e-24, 1.258048889929803e-20, 6.206965235941541e-18, 1.3241416299015489e-14, 1.6551967590974634e-11, 7.0088115293449605e-09, 3.5545117113783855e-06, 0.0009931119635468342, 0.0, 0.0, 0.0, 0.0, 0.0, 0.0, 0.0, 0.0]"
102,8,d_5_32,Dummy,0,"[0, 0, 0.1241210490062486, 0.029393645288529616, 0]","[None, None, ( id: 5, corrupt: False ), ( id: 8, corrupt: False ), Client id: 10]","[6.06413430973316e-45, 1.5599448428285844e-43, 1.4562236159840975e-38, 1.4169148703648383e-35, 4.104282903286781e-34, 1.4165121575565394e-30, 5.1676965274252076e-27, 5.421124793676644e-25, 3.0308935820282284e-21, 1.8733011485465473e-18, 4.342661203476413e-15, 5.792430933924986e-12, 2.3648069742726713e-09, 1.2223324893057867e-06, 0.0005349892446092036, 0.0, 0.0, 0.0, 0.0, 0.0, 0.0, 0.0, 0.0]"
103,7,d_4_34,Dummy,0,"[0, 0, 0.2405415299692108, 0.8132790300888663, 0]","[None, None, ( id: 4, corrupt: False ), ( id: 7, corrupt: False ), Client id: 87]","[2.0046878428225222e-45, 1.5019413631535778e-43, 4.28488540709803e-39, 4.152220073587062e-36, 2.6751471515288583e-34, 6.413429894913868e-31, 1.5023435837478267e-27, 2.9546436881741135e-25, 8.470625601526167e-22, 6.265899880818455e-19, 1.3703308071561604e-15, 1.862913378149249e-12, 1.0106770144783263e-09, 5.517818467055468e-07, 0.0001401777769860879, 0.0, 0.0, 0.0, 0.0, 0.0, 0.0, 0.0, 0.0]"
104,9,d_6_39,Dummy,0,"[0, 0, 0.01810485078492238, 0.573837322848133, 0]","[None, None, ( id: 6, corrupt: False ), ( id: 9, corrupt: False ), Client id: 27]","[6.307087516446954e-46, 3.2249355557500203e-44, 1.500108979066796e-39, 1.4564981813554095e-36, 5.876280633830763e-35, 1.6445463193639482e-31, 5.30367370429985e-28, 7.198511110665064e-26, 3.0261957266915976e-22, 1.6651052506343132e-19, 3.6087780411471664e-16, 4.586905855609412e-13, 2.0142324244278005e-10, 1.0551528523207803e-07, 3.749478542501047e-05, 0.014243536077340791, 0.0, 0.0, 0.0, 0.0, 0.0, 0.0, 0.0]"
105,8,d_4_35,Dummy,0,"[0, 0, 0.22317158165407516, 0.09415700526886098, 0]","[None, None, ( id: 4, corrupt: False ), ( id: 8, corrupt: False ), Client id: 51]","[9.94781600511937e-47, 7.189289835228334e-45, 2.1414005509933928e-40, 2.075662254579795e-37, 1.3010130670927665e-35, 3.312602803239575e-32, 7.514069657152317e-29, 1.4475798232993448e-26, 4.247581589480874e-23, 3.1559236060129515e-20, 6.950434060517818e-17, 9.472176029119771e-14, 5.352591647425515e-11, 2.9549781667839256e-08, 8.076624094875409e-06, 0.002633105750281112, 0.0, 0.0, 0.0, 0.0, 0.0, 0.0, 0.0]"
106,7,d_4_36,Dummy,0,"[0, 0, 0.0815909183016906, 0.33006943049841353, 0]","[None, None, ( id: 4, corrupt: False ), ( id: 7, corrupt: False ), Client id: 77]","[1.365800269889113e-48, 1.0033860555266183e-46, 2.96547563905577e-42, 2.8753770578868174e-39, 1.9346694225978718e-37, 7.784931918647085e-34, 1.0415728300763152e-30, 2.213315189055811e-28, 5.906083868102826e-25, 5.312644976649196e-22, 1.1967666868250275e-18, 1.6437328601396937e-15, 1.398064311101528e-12, 8.056136166188811e-10, 1.9194998723324405e-07, 0.00018938031229970864, 0.0, 0.0, 0.0, 0.0, 0.0, 0.0, 0.0]"
107,8,d_5_33,Dummy,0,"[0, 0, 0.15116243616155592, 0.10347994225130117, 0]","[None, None, ( id: 5, corrupt: False ), ( id: 8, corrupt: False ), Client id: 60]","[2.517614386346183e-48, 7.394021128410773e-47, 6.048274238252984e-42, 5.885153142577764e-39, 2.0253938599264315e-37, 9.841769799305507e-34, 2.1464948438259438e-30, 2.680740512307925e-28, 1.2590487413446489e-24, 9.294602894792986e-22, 2.1744783113162886e-18, 2.936911147013598e-15, 1.7942550574303149e-12, 1.0010772348127704e-09, 3.529574980317229e-07, 0.00021475508062445277, 0.0, 0.0, 0.0, 0.0, 0.0, 0.0, 0.0]"
108,8,d_6_40,Dummy,0,"[0, 0, 0.0028719862036401386, 0.4368100783677577, 0]","[None, None, ( id: 6, corrupt: False ), ( id: 8, corrupt: False ), Client id: 65]","[5.8303878028221174e-49, 3.0308148643284935e-47, 1.387799486904428e-42, 1.3476276314951417e-39, 5.8018341453722e-38, 2.409844144996748e-34, 4.907782413890606e-31, 7.177744784311175e-29, 2.804632394177048e-25, 1.7642375031989312e-22, 3.897719894175485e-19, 5.051965896087375e-16, 3.711913929166588e-13, 2.091383318847716e-10, 5.393878548151395e-08, 4.941382173571188e-05, 0.0, 0.0, 0.0, 0.0, 0.0, 0.0, 0.0]"
109,9,d_4_37,Dummy,0,"[0, 0, 0.28686725257179907, 0.005935399716935323, 0]","[None, None, ( id: 4, corrupt: False ), ( id: 9, corrupt: False ), Client id: 82]","[9.216763287462022e-50, 7.279088840770192e-48, 2.0147446961199334e-43, 1.954028170277679e-40, 1.5186899912223014e-38, 1.0914046665171472e-34, 7.081752120216381e-32, 1.7926107611110896e-29, 4.025250246587406e-26, 4.733774455977139e-23, 1.0878431064573625e-19, 1.5041471101087494e-16, 2.0876997338139448e-13, 1.2307056823653272e-10, 2.160066760969963e-08, 2.852568296688082e-05, 0.008249937931890593, 0.0, 0.0, 0.0, 0.0, 0.0, 0.0]"
110,8,d_5_34,Dummy,0,"[0, 0, 0.10812117682603074, 0.05761322307149342, 0]","[None, None, ( id: 5, corrupt: False ), ( id: 8, corrupt: False ), Client id: 23]","[1.7699944163194625e-51, 5.714376036813118e-50, 4.2564029943294273e-45, 4.141845100739793e-42, 1.6367363709978705e-40, 1.3415631434334915e-36, 1.5108105603572358e-33, 2.1710511137582746e-31, 8.863677754882719e-28, 7.554081756236662e-25, 1.7841876457647266e-21, 2.4406260526942367e-18, 2.5941268768234453e-15, 1.5135101171732844e-12, 3.6152334946876914e-10, 4.095881579892817e-07, 0.0004591939058221722, 0.0, 0.0, 0.0, 0.0, 0.0, 0.0]"
111,7,d_6_41,Dummy,0,"[0, 0, 0.1473910472857879, 0.19410671058078002, 0]","[None, None, ( id: 6, corrupt: False ), ( id: 7, corrupt: False ), Client id: 24]","[8.360366636467484e-53, 4.1268338564549834e-51, 2.006018195322976e-46, 1.950548672283399e-43, 1.0788730937831449e-41, 1.052679179797366e-37, 7.11168867327149e-35, 1.404077741819415e-32, 4.12869326838159e-29, 4.464460302035894e-26, 1.0543129711113229e-22, 1.4545617907917672e-19, 2.0463848644256914e-16, 1.2182645383901438e-13, 2.6689072450488107e-11, 4.399603151343789e-08, 5.22476932904761e-05, 0.01969734778287883, 0.0, 0.0, 0.0, 0.0, 0.0]"
112,7,d_4_38,Dummy,0,"[0, 0, 0.45732159061840605, 0.3247738043641297, 0]","[None, None, ( id: 4, corrupt: False ), ( id: 7, corrupt: False ), Client id: 55]","[1.39430298702709e-52, 8.972778799093018e-51, 3.1837919447049798e-46, 3.092784622291218e-43, 2.165041948131015e-41, 2.2147580391897937e-37, 1.1243686713334731e-34, 2.6852782908998767e-32, 6.486806684994406e-29, 8.072949953174983e-26, 1.8996805150221642e-22, 2.6470032063716005e-19, 4.3591906967543744e-16, 2.5947417985694444e-13, 4.615135487464587e-11, 7.277723414863381e-08, 8.0425980837134e-05, 0.0035590475975342327, 0.0, 0.0, 0.0, 0.0, 0.0]"
113,7,d_6_42,Dummy,0,"[0, 0, 0.24785915844234335, 0.3893922729869253, 0]","[None, None, ( id: 6, corrupt: False ), ( id: 7, corrupt: False ), Client id: 99]","[4.853388750384545e-53, 2.474735830907935e-51, 1.1648650939664125e-46, 1.1327069908047936e-43, 6.578634447233899e-42, 6.757410773688519e-38, 4.130007337777844e-35, 8.580785494320363e-33, 2.3989728801550784e-29, 2.7549854000425075e-26, 6.519884842231847e-23, 9.011743251203331e-20, 1.3197438079060212e-16, 7.864215391723097e-14, 1.6734279962570125e-11, 2.7788774766851325e-08, 3.429137209020518e-05, 0.014520493480740582, 0.0, 0.0, 0.0, 0.0, 0.0]"
114,7,d_6_43,Dummy,0,"[0, 0, 0.2731014825077954, 0.2496464161201714, 0]","[None, None, ( id: 6, corrupt: False ), ( id: 7, corrupt: False ), Client id: 96]","[1.6011519107371834e-53, 6.924750203442826e-52, 3.847465646138602e-47, 3.7419786262403246e-44, 1.865610820142609e-42, 2.9415653296506623e-38, 1.3646070389363704e-35, 2.4376793055587288e-33, 7.944593126892827e-30, 7.885921432750269e-27, 1.8693146482638432e-23, 2.5874426256126843e-20, 5.811497473457381e-17, 3.471071194033726e-14, 4.848566685915089e-12, 8.095628796610997e-09, 1.5745349683358515e-05, 0.004679372821019644, 0.0, 0.0, 0.0, 0.0, 0.0]"
115,8,d_5_35,Dummy,0,"[0, 0, 0.04097894448516738, 0.726157811476372, 0]","[None, None, ( id: 5, corrupt: False ), ( id: 8, corrupt: False ), Client id: 90]","[9.008394321965229e-54, 2.653734258641692e-52, 2.169677127654707e-47, 2.1114722033910736e-44, 7.911692323769024e-43, 1.1792291453910305e-38, 7.703197521551671e-36, 1.0514127732243794e-33, 4.52083670418584e-30, 3.669414817707247e-27, 8.73666668488412e-24, 1.20774728525732e-20, 2.3397950251860504e-17, 1.390173482405725e-14, 2.0649443053944922e-12, 2.961860472082009e-09, 5.880464814436822e-06, 0.0014952793897992137, 0.0, 0.0, 0.0, 0.0, 0.0]"
116,7,d_4_39,Dummy,0,"[0, 0, 0.2617721070133916, 0.015895434277442673, 0]","[None, None, ( id: 4, corrupt: False ), ( id: 7, corrupt: False ), Client id: 38]","[4.177676813971726e-54, 1.8985683363312404e-52, 9.756288244051862e-48, 9.484954597755908e-45, 4.79793095032777e-43, 8.055069031847516e-39, 3.4535336287088524e-36, 6.033859989845007e-34, 2.0070269644178195e-30, 1.8738140822054063e-27, 4.433150891823205e-24, 6.187752596420565e-21, 1.6021680278448103e-17, 9.569777830864507e-15, 1.121052507100719e-12, 1.8183384880787846e-09, 3.793658950718032e-06, 0.0005966349698941138, 0.0, 0.0, 0.0, 0.0, 0.0]"
117,9,d_6_44,Dummy,0,"[0, 0, 0.07436027972829728, 0.29532631550426214, 0]","[None, None, ( id: 6, corrupt: False ), ( id: 9, corrupt: False ), Client id: 13]","[7.502532747231286e-55, 2.800934644499836e-53, 1.8065114855149144e-48, 1.7575766095832415e-45, 8.061823279236875e-44, 1.4641379699112778e-39, 6.411319818716889e-37, 1.0621866473754134e-34, 3.7473486140227345e-31, 3.55790242108637e-28, 8.49585500510799e-25, 1.183455418451673e-21, 2.9170657689068637e-18, 1.7452228745242033e-15, 2.3065364766179287e-13, 3.939913396402988e-10, 8.137669149622978e-07, 0.00031748169135067586, 0.0, 0.0, 0.0, 0.0, 0.0]"
118,8,d_5_36,Dummy,0,"[0, 0, 0.08071219564023786, 0.3104938827714142, 0]","[None, None, ( id: 5, corrupt: False ), ( id: 8, corrupt: False ), Client id: 16]","[2.0307216186688654e-54, 6.3389525844650515e-53, 4.891145607416948e-48, 4.759941009419122e-45, 1.8986133434518132e-43, 3.010332535290838e-39, 1.7365548925653853e-36, 2.5236663121781588e-34, 1.019151975016195e-30, 8.810547454006745e-28, 2.099624262784525e-24, 2.9058749879214646e-21, 5.9828161394535144e-18, 3.558664102584127e-15, 5.041266224573147e-13, 7.373509697312326e-10, 1.5314869230773154e-06, 0.0004151477703661528, 0.0, 0.0, 0.0, 0.0, 0.0]"
119,8,d_6_45,Dummy,0,"[0, 0, 0.08854101390756282, 0.215607905139966, 0]","[None, None, ( id: 6, corrupt: False ), ( id: 8, corrupt: False ), Client id: 84]","[3.651979905414122e-55, 1.132580092870732e-53, 8.797873968468808e-49, 8.560260007873352e-46, 3.276687616471229e-44, 7.3064409462202345e-40, 3.1228485409238127e-37, 4.3198906963128106e-35, 1.8270148587223424e-31, 1.4506772535062047e-28, 3.4658621589136694e-25, 4.830049764533003e-22, 1.4585535956001072e-18, 8.729634676829921e-16, 9.439333638865139e-14, 1.6148413702544472e-10, 4.096075356399541e-07, 0.0001325587247884788, 0.0, 0.0, 0.0, 0.0, 0.0]"
120,8,d_5_37,Dummy,0,"[0, 0, 0.03226106629886929, 0.003922189237284865, 0]","[None, None, ( id: 5, corrupt: False ), ( id: 8, corrupt: False ), Client id: 25]","[1.4215051330682059e-54, 4.485899212287475e-53, 3.4238019251918627e-48, 3.331958706593386e-45, 1.3444997688326964e-43, 2.160218282040524e-39, 1.2155884247957697e-36, 1.7871846422196513e-34, 7.134063825113365e-31, 6.239672293366736e-28, 1.4871575927490467e-24, 2.058569327790698e-21, 4.294440386483193e-18, 2.5548705677063817e-15, 3.578796694977447e-13, 5.248864728822264e-10, 1.1026013814523273e-06, 0.0002997768012551116, 0.011111111111111112, 0.0, 0.0, 0.0, 0.0]"
121,8,d_4_40,Dummy,0,"[0, 0, 0.2135829512240738, 0.15530090477634118, 0]","[None, None, ( id: 4, corrupt: False ), ( id: 8, corrupt: False ), Client id: 47]","[1.349852785325951e-55, 5.414526478227691e-54, 3.1837976398479407e-49, 3.0963220169670405e-46, 1.4406344920927702e-44, 3.2126581150859186e-40, 1.1281442239748692e-37, 1.838172312276976e-35, 6.576851420862398e-32, 5.896231433866222e-29, 1.4021897802779652e-25, 1.9603769029749525e-22, 6.418256172394516e-19, 3.839163024928679e-16, 3.679024969398629e-14, 6.114089831698935e-11, 1.6595474343399438e-07, 3.439809330942792e-05, 0.008919590656130438, 0.0, 0.0, 0.0, 0.0]"
122,9,d_6_48,Dummy,0,"[0, 0, 0.31125946776737046, 0.17359851040292024, 0]","[None, None, ( id: 6, corrupt: False ), ( id: 9, corrupt: False ), Client id: 98]","[8.126775870556471e-58, 1.577565049893209e-56, 1.9603946952091436e-51, 1.9078645504008743e-48, 4.806329036485456e-47, 1.4351988684186098e-42, 6.961346915131415e-40, 6.375004584674082e-38, 4.083036868007501e-34, 2.193573965167419e-31, 5.266649760372102e-28, 7.370663171723057e-25, 2.8776455174570107e-21, 1.7238044941398539e-18, 1.477018792728823e-16, 2.5618212894520854e-13, 8.20105326038763e-10, 2.4485813714754515e-07, 0.0001921911167431502, 0.0, 0.0, 0.0, 0.0]"
123,8,d_6_49,Dummy,0,"[0, 0, 0.22510565724087822, 0.1214261853795749, 0]","[None, None, ( id: 6, corrupt: False ), ( id: 8, corrupt: False ), Client id: 38]","[8.126775870556471e-58, 1.577565049893209e-56, 1.9603946952091436e-51, 1.907864550400874e-48, 4.806329036485456e-47, 1.4351988684186098e-42, 6.961346915131416e-40, 6.375004584674082e-38, 4.083036868007502e-34, 2.1935739651674195e-31, 5.266649760372102e-28, 7.370663171723056e-25, 2.8776455174570103e-21, 1.723804494139854e-18, 1.4770187927288232e-16, 2.5618212894520854e-13, 8.20105326038763e-10, 2.4485813714754515e-07, 0.0001921911167431502, 0.0, 0.0, 0.0, 0.0]"
124,7,d_6_46,Dummy,0,"[0, 0, 0.7440967401179911, 0.22947355818871945, 0]","[None, None, ( id: 6, corrupt: False ), ( id: 7, corrupt: False ), Client id: 67]","[6.897212877983551e-58, 1.1509785823200455e-56, 1.6639190857358734e-51, 1.6193536575135573e-48, 3.506658429680716e-47, 1.0670746133636465e-42, 5.908703179107419e-40, 4.6511513041244567e-38, 3.4661364296489933e-34, 1.600413658259903e-31, 3.842504672108217e-28, 5.377575681410188e-25, 2.139624825437162e-21, 1.281716029362233e-18, 1.0776208538786822e-16, 1.8690838999573885e-13, 6.098575313980179e-10, 1.78646498020913e-07, 0.00014022106986872688, 0.0, 0.0, 0.0, 0.0]"
125,7,d_5_38,Dummy,0,"[0, 0, 0.09802217393470564, 0.4556632758373025, 0]","[None, None, ( id: 5, corrupt: False ), ( id: 7, corrupt: False ), Client id: 9]","[2.213037634325686e-57, 6.872785611242424e-56, 5.332790118852885e-51, 5.189880297500242e-48, 2.0870717052075566e-46, 3.580784764792285e-42, 1.8935002251996073e-39, 2.775895816412109e-37, 1.1113718536549958e-33, 9.700833219294376e-31, 2.317900698546342e-27, 3.218923440083294e-24, 7.139544200957244e-21, 4.256111381612358e-18, 5.820702623713079e-16, 8.968688166927912e-13, 1.892895137532414e-09, 6.392880767535115e-07, 0.000351012526457488, 0.0, 0.0, 0.0, 0.0]"
126,9,d_6_47,Dummy,0,"[0, 0, 0.826233869894759, 0.06207876821768577, 0]","[None, None, ( id: 6, corrupt: False ), ( id: 9, corrupt: False ), Client id: 70]","[4.385067471514465e-58, 7.033758003066945e-57, 1.0578955097887201e-51, 1.0295645483170563e-48, 2.1429579292493264e-47, 6.8649071639973185e-43, 3.756688373135895e-40, 2.842370241409389e-38, 2.2038078413442e-34, 9.780305689366075e-32, 2.3481972996216883e-28, 3.28629624975067e-25, 1.376650900675508e-21, 8.246831751946611e-19, 6.585460773703059e-17, 1.142217938862849e-13, 3.9252563700784376e-10, 1.0917285990166903e-07, 8.569065380866641e-05, 0.008730158730158729, 0.0, 0.0, 0.0]"
127,7,d_6_50,Dummy,0,"[0, 0, 0.21285753301911206, 1.464149093189754, 0]","[None, None, ( id: 6, corrupt: False ), ( id: 7, corrupt: False ), Client id: 16]","[4.158796547889827e-59, 7.78138276333292e-58, 1.0033979515119735e-52, 9.765408992479697e-50, 2.403500911657223e-48, 5.711320322222075e-44, 3.563260431342397e-41, 3.192890710403416e-39, 2.0906936757578068e-35, 1.1053769667686723e-32, 2.657176951925928e-29, 3.7225588208839766e-26, 1.1455179613723204e-22, 6.862466362613594e-20, 7.504849861281105e-18, 1.305895843599571e-14, 3.268123846234389e-11, 1.2892189291404189e-08, 1.2079422056631596e-05, 0.004909225284291815, 0.0, 0.0, 0.0]"
128,7,d_4_41,Dummy,0,"[0, 0, 0.29451802690725054, 0.04107536361897372, 0]","[None, None, ( id: 4, corrupt: False ), ( id: 7, corrupt: False ), Client id: 89]","[4.913128023502163e-59, 1.623168067248008e-57, 1.1715277054657516e-52, 1.1397676595064874e-49, 4.620395194513947e-48, 1.0418610031424098e-43, 4.155754094695035e-41, 6.000119613756328e-39, 2.4309640222579315e-35, 1.9979702446852796e-32, 4.7787459779777013e-29, 6.693165450131032e-26, 2.0863348309039532e-22, 1.2489241709710865e-19, 1.303925206690346e-17, 2.220159845349581e-14, 5.636384629146272e-11, 1.756317020415064e-08, 1.496244083862492e-05, 0.005520884260893863, 0.0, 0.0, 0.0]"
129,9,d_6_51,Dummy,0,"[0, 0, 0.5457098516894783, 0.034808630511811135, 0]","[None, None, ( id: 6, corrupt: False ), ( id: 9, corrupt: False ), Client id: 70]","[6.24238081652819e-60, 1.651336665237804e-58, 1.5061581935570178e-53, 1.465852420954573e-50, 5.15538656146717e-49, 9.039888582481192e-45, 5.348715212083661e-42, 6.856735090291343e-40, 3.1384879024121364e-36, 2.3848854283887774e-33, 5.73822356241471e-30, 8.045220737764054e-27, 1.8135997105557247e-23, 1.0865307186961334e-20, 1.629324469756783e-18, 2.841974849549006e-15, 5.1785926747368624e-12, 2.8720669448510565e-09, 2.997934990834497e-06, 0.0009690271869446846, 0.0, 0.0, 0.0]"
130,9,d_6_52,Dummy,0,"[0, 0, 0.04605733045269521, 0.07787237417640935, 0]","[None, None, ( id: 6, corrupt: False ), ( id: 9, corrupt: False ), Client id: 4]","[6.242380816528191e-60, 1.651336665237804e-58, 1.5061581935570178e-53, 1.4658524209545727e-50, 5.15538656146717e-49, 9.039888582481193e-45, 5.348715212083661e-42, 6.856735090291342e-40, 3.1384879024121364e-36, 2.3848854283887777e-33, 5.73822356241471e-30, 8.045220737764052e-27, 1.813599710555725e-23, 1.0865307186961332e-20, 1.6293244697567832e-18, 2.841974849549006e-15, 5.1785926747368624e-12, 2.872066944851057e-09, 2.997934990834497e-06, 0.0009690271869446846, 0.0, 0.0, 0.0]"
131,9,d_4_42,Dummy,0,"[0, 0, 0.057373555119437765, 0.6693067575167837, 0]","[None, None, ( id: 4, corrupt: False ), ( id: 9, corrupt: False ), Client id: 7]","[3.7577959761343335e-60, 9.950181702161244e-59, 8.993147634536161e-54, 8.750434913094072e-51, 2.874250700222009e-49, 5.982702816115581e-45, 3.1913001768306305e-42, 3.746147950689632e-40, 1.8688930092476393e-36, 1.2567794303099695e-33, 3.0093264445167022e-30, 4.216373091798732e-27, 1.1983165542561578e-23, 7.173912634241508e-21, 8.272431590482485e-19, 1.4147756605349539e-15, 3.2509024608912513e-12, 1.1773657825750638e-09, 1.0879092576990055e-06, 0.0008732648060440121, 0.0, 0.0, 0.0]"
132,7,d_5_39,Dummy,0,"[0, 0, 0.1567110586243944, 0.1353869024612464, 0]","[None, None, ( id: 5, corrupt: False ), ( id: 7, corrupt: False ), Client id: 93]","[2.5917913230873076e-60, 6.286430699182784e-59, 6.24919284574422e-54, 6.08193373174708e-51, 1.9265906613990863e-49, 3.177847242553048e-45, 2.2190963898093358e-42, 2.5634976550971094e-40, 1.3026415785245031e-36, 8.964461564535966e-34, 2.1456580640787013e-30, 2.9863461025359994e-27, 6.344497225771238e-24, 3.7855636840777454e-21, 5.542482151551273e-19, 8.802994250788288e-16, 1.7057420298842492e-12, 7.011556000727768e-10, 5.370567125996269e-07, 0.0004924955676957462, 0.0, 0.0, 0.0]"
133,7,d_4_43,Dummy,0,"[0, 0, 0.01994186183220474, 0.560493021768144, 0]","[None, None, ( id: 4, corrupt: False ), ( id: 7, corrupt: False ), Client id: 20]","[6.293240907249166e-62, 1.5255274473037738e-60, 1.5086898740051917e-55, 1.4680584915374832e-52, 4.4640009060062614e-51, 8.818340437610918e-47, 5.354642933480968e-44, 5.836470833431133e-42, 3.137448255052735e-38, 1.970614027413772e-35, 4.7230641084503157e-32, 6.619459751989381e-29, 1.7668157546572796e-25, 1.0578354177071309e-22, 1.3064850452486897e-20, 2.2426473530487036e-17, 4.819249808701287e-14, 1.9428332219341513e-11, 1.9013623958916788e-08, 1.8196541128439848e-05, 0.003112682982122873, 0.0, 0.0]"
134,7,d_4_44,Dummy,0,"[0, 0, 0.032501559161996006, 0.13186877583854312, 0]","[None, None, ( id: 4, corrupt: False ), ( id: 7, corrupt: False ), Client id: 49]","[5.768804164978401e-62, 1.398400160028459e-60, 1.3829657178380927e-55, 1.3457202839093599e-52, 4.092000830505739e-51, 8.083478734476676e-47, 4.908422689024222e-44, 5.35009826397854e-42, 2.8759942337983396e-38, 1.8063961917959572e-35, 4.329475432746122e-32, 6.067838105990265e-29, 1.6195811084358394e-25, 9.696824662315364e-23, 1.1976112914779658e-20, 2.055760073627978e-17, 4.417645657976179e-14, 1.7809304534396383e-11, 1.7429155295673725e-08, 1.6680162701069857e-05, 0.002853292733612633, 0.0, 0.0]"
135,9,d_5_40,Dummy,0,"[0, 0, 0.1944997246609446, 0.4182466873687354, 0]","[None, None, ( id: 5, corrupt: False ), ( id: 9, corrupt: False ), Client id: 36]","[3.8072428685340037e-62, 8.443877626894074e-61, 9.18175733787256e-56, 8.936116839462382e-53, 2.6009411371112266e-51, 3.947234446840629e-47, 3.26056361393675e-44, 3.461557995050583e-42, 1.9140831359812335e-38, 1.2109314706318935e-35, 2.9011293201221225e-32, 4.0427155669122375e-29, 7.883795592795141e-26, 4.705332625162325e-23, 7.608119774699983e-21, 1.227295544490744e-17, 2.1287336738781598e-14, 1.0289461765412585e-11, 8.83091601664905e-09, 9.794669438627963e-06, 0.001865233992665283, 0.0, 0.0]"
136,7,d_6_53,Dummy,0,"[0, 0, 0.0031903273053460702, 0.2712617173248366, 0]","[None, None, ( id: 6, corrupt: False ), ( id: 7, corrupt: False ), Client id: 42]","[3.17966959579813e-63, 5.10080857633973e-62, 7.673670923007607e-57, 7.468603656862659e-54, 1.6080999024208782e-52, 2.36123014442604e-48, 2.725291352969481e-45, 2.1410992651017975e-43, 1.599836791842611e-39, 7.478415401586394e-37, 1.800850899685843e-33, 2.5266310138266788e-30, 4.740382583350792e-27, 2.840353267399166e-24, 5.137641983985952e-22, 8.980517488208898e-19, 1.3566356473517972e-15, 9.260649402654643e-13, 1.0502262850142539e-09, 1.2997690527601142e-06, 0.0004029927020293182, 0.0, 0.0]"
137,9,d_4_45,Dummy,0,"[0, 0, 0.020744951694404653, 0.19416102930497814, 0]","[None, None, ( id: 4, corrupt: False ), ( id: 9, corrupt: False ), Client id: 13]","[1.0921159752871063e-63, 2.2299268176328385e-62, 2.6232895275315773e-57, 2.5528105937546657e-54, 6.614054110563393e-53, 1.1215119975043436e-48, 9.312400855670957e-46, 8.67561213493948e-44, 5.459695414729167e-40, 2.9483804839158566e-37, 7.073313290349399e-34, 9.916353373616992e-31, 2.2472252439281118e-27, 1.345506734957378e-24, 1.9689459621966176e-22, 3.3922242753976986e-19, 6.139378900060553e-16, 3.0534719135000306e-13, 3.141199240869034e-10, 3.865854258816854e-07, 9.5887759231788e-05, 0.018461538461538467, 0.0]"
138,9,d_5_41,Dummy,0,"[0, 0, 0.03724959624007417, 0.12968072553197119, 0]","[None, None, ( id: 5, corrupt: False ), ( id: 9, corrupt: False ), Client id: 40]","[1.5452027837958986e-63, 3.313367285105246e-62, 3.7268321320655545e-57, 3.6271466612509566e-54, 1.0233488760518067e-52, 1.4359505284539133e-48, 1.3234665290388758e-45, 1.362122715507011e-43, 7.769433746773251e-40, 4.765919431205316e-37, 1.142379925664617e-33, 1.5929171432265195e-30, 2.8681904276231593e-27, 1.7119092542511442e-24, 3.0194897921818537e-22, 4.909427955754628e-19, 7.749375734033977e-16, 4.219203343464826e-13, 3.8022488544823977e-10, 4.4203652128754803e-07, 0.00011206071381579903, 0.009090909090909092, 0.0]"
139,8,d_5_42,Dummy,0,"[0, 0, 0.10617373226123293, 0.17571233286086518, 0]","[None, None, ( id: 5, corrupt: False ), ( id: 8, corrupt: False ), Client id: 87]","[2.07147662773325e-64, 4.3625630434291306e-63, 4.996308410943178e-58, 4.862676526932058e-55, 1.3486432668921365e-53, 1.8473955152483306e-49, 1.774290582905072e-46, 1.795177012719663e-44, 1.04160797956778e-40, 6.281539319435613e-38, 1.5059280940389638e-34, 2.1003019549001646e-31, 3.6901977062937982e-28, 2.202606329155937e-25, 3.991099227575695e-23, 6.50649684435085e-20, 9.975404334066187e-17, 5.6377108540871213e-14, 5.1592780555907734e-11, 6.15242704661988e-08, 1.6519479784534458e-05, 0.004911600378787879, 0.0]"
140,8,d_5_43,Dummy,0,"[0, 0, 0.08171675318337802, 0.06951404014308413, 0]","[None, None, ( id: 5, corrupt: False ), ( id: 8, corrupt: False ), Client id: 41]","[9.994381505478307e-65, 2.1295613068383388e-63, 2.4106174215851005e-58, 2.3461437362325176e-55, 6.587582471397045e-54, 8.82786853048828e-50, 8.560602011324552e-47, 8.768970337125146e-45, 5.025560762163077e-41, 3.068507611795622e-38, 7.357279267498587e-35, 1.0262684692301071e-31, 1.7633915462967106e-28, 1.0525388860072773e-25, 1.9535180691937318e-23, 3.190618436778224e-20, 4.767190786609675e-17, 2.7801892137680527e-14, 2.570744262736871e-11, 2.9917053545366844e-08, 8.666764915448701e-06, 0.0026120027213422103, 0.0]"
141,9,d_6_54,Dummy,0,"[0, 0, 0.007718915452219042, 0.007547421679902622, 0]","[None, None, ( id: 6, corrupt: False ), ( id: 9, corrupt: False ), Client id: 60]","[3.2665472119869287e-66, 5.766862086425526e-65, 7.883761131370516e-60, 7.67314731768658e-57, 1.82796034257318e-55, 1.1674315068904635e-51, 2.799950608715124e-48, 2.4352715707780985e-46, 1.643832156251595e-42, 8.525447601356531e-40, 2.053905972890505e-36, 2.8827689793767342e-33, 2.3439135943291457e-30, 1.4044538393554016e-27, 5.874651776894894e-25, 1.02806082315556e-21, 6.709762586544655e-19, 1.0715431803205012e-15, 1.265730971972983e-12, 1.5269951562039058e-09, 7.540301453271174e-07, 0.0002607627555148787, 0.0]"
142,8,d_4_47,Dummy,0,"[0, 0, 0.2619279625631088, 0.35616314943313404, 0]","[None, None, ( id: 4, corrupt: False ), ( id: 8, corrupt: False ), Client id: 78]","[1.3039546795884207e-66, 2.665900719770635e-65, 3.13877023786215e-60, 3.054661673999797e-57, 8.160066325151058e-56, 8.003443325603742e-52, 1.11446491829434e-48, 1.0782277980354524e-46, 6.538132434195982e-43, 3.7179733762422594e-40, 8.938489416907027e-37, 1.253948774660081e-33, 1.603975167240251e-30, 9.604223642423319e-28, 2.5224264723755806e-25, 4.380114155865552e-22, 4.396213117834106e-19, 4.2583730587371983e-16, 4.785549440555596e-13, 5.530192803017888e-10, 2.5807479245051035e-07, 0.000139358526327595, 0.004285714285714286]"
143,7,d_5_44,Dummy,0,"[0, 0, 0.08249389436937402, 0.8080169744728118, 0]","[None, None, ( id: 5, corrupt: False ), ( id: 7, corrupt: False ), Client id: 93]","[1.4411004356905373e-66, 2.7151257846551117e-65, 3.4764757278045865e-60, 3.3835275242932085e-57, 8.43509147610447e-56, 9.647185779086535e-52, 1.2346016060349458e-48, 1.1230372088526011e-46, 7.24807083748316e-43, 3.931007955371772e-40, 9.43273143417449e-37, 1.317101804395849e-33, 1.927170633399124e-30, 1.1503439841350184e-27, 2.5355531883236907e-25, 4.191135943976903e-22, 5.213293579178101e-19, 3.7838817471045556e-16, 3.7214920254304414e-13, 5.084129696315966e-10, 1.6169294477461854e-07, 5.303909265389804e-05, 0.005108527835800561]"
144,8,d_4_46,Dummy,0,"[0, 0, 0.8489228415249835, 0.02319881751172203, 0]","[None, None, ( id: 4, corrupt: False ), ( id: 8, corrupt: False ), Client id: 22]","[4.7831925570172404e-67, 9.643804333852923e-66, 1.1515885605013917e-60, 1.1207370470313546e-57, 2.958552652094048e-56, 2.749484762158816e-52, 4.088955709341591e-49, 3.9112894316378636e-47, 2.39897006662775e-43, 1.350063536545864e-40, 3.2462002083755233e-37, 4.554184988487154e-34, 5.510371271788918e-31, 3.299501537389553e-28, 9.169284863089715e-26, 1.593062958548895e-22, 1.5108432384395411e-19, 1.5565013438720104e-16, 1.7583546157642679e-13, 2.0587077633405406e-10, 9.714461229283347e-08, 5.274838281868121e-05, 0.010371126004097946]"
145,8,d_5_45,Dummy,0,"[0, 0, 0.11016608499368372, 0.3647386819695496, 0]","[None, None, ( id: 5, corrupt: False ), ( id: 8, corrupt: False ), Client id: 19]","[6.048580748498956e-67, 1.0905381250763508e-65, 1.459176446225513e-60, 1.4201651913099767e-57, 3.387978890402291e-56, 3.887835080321612e-52, 5.181994498419582e-49, 4.510711433903835e-47, 3.0422473694712977e-43, 1.5789007159592406e-40, 3.788683865296531e-37, 5.290177495342003e-34, 7.766688951416679e-31, 4.636062692800986e-28, 1.0184122723349699e-25, 1.6833818750188218e-22, 2.1014411321687592e-19, 1.5198070488370356e-16, 1.4947480366604916e-13, 2.175678136028936e-10, 6.494443897559058e-08, 2.454483916773545e-05, 0.007563970552603445]"
146,7,d_5_46,Dummy,0,"[0, 0, 0.03387403952284227, 0.2837073866777608, 0]","[None, None, ( id: 5, corrupt: False ), ( id: 7, corrupt: False ), Client id: 23]","[4.586975909994339e-67, 8.179035938072633e-66, 1.1065806806994947e-60, 1.0769964438183187e-57, 2.540984167801718e-56, 2.9176409988727604e-52, 3.9298193636567574e-49, 3.383033575427876e-47, 2.307122481642338e-43, 1.1841755369694304e-40, 2.8415128989723985e-37, 3.967633121506502e-34, 5.828562679245884e-31, 3.479172075900806e-28, 7.638092042512273e-26, 1.2625364062641163e-22, 1.5770986713939292e-19, 1.1398552866277767e-16, 1.1210610274953687e-13, 1.657697154096091e-10, 4.8708329231692936e-08, 1.884814496683233e-05, 0.00642035881343698]"
147,7,d_6_55,Dummy,0,"[0, 0, 0.008039659462985493, 0.07668402911104262, 0]","[None, None, ( id: 6, corrupt: False ), ( id: 7, corrupt: False ), Client id: 16]","[4.2871488823383933e-69, 7.465115336015501e-68, 1.034723148585303e-62, 1.007084857606606e-59, 2.371370942203992e-58, 6.714933961713315e-55, 3.6748910746635954e-51, 3.159961812506852e-49, 2.1576084293179373e-45, 1.1072498645243008e-42, 2.66800105439722e-39, 3.745246519044963e-36, 1.348311762533294e-33, 8.079114178459896e-31, 7.638826297157902e-28, 1.3373937182817515e-24, 3.860844909830965e-22, 1.399784001693278e-18, 1.6789633965260127e-15, 2.1235542289114174e-12, 1.1302757591164198e-09, 3.1398464827950264e-07, 0.0002818026073407375]"
148,7,d_5_47,Dummy,0,"[0, 0, 0.012407101713439447, 0.7900194502220816, 0]","[None, None, ( id: 5, corrupt: False ), ( id: 7, corrupt: False ), Client id: 3]","[2.940711558012088e-69, 4.071304725065026e-68, 7.095596659518453e-63, 6.905970402631436e-60, 1.271227692300524e-58, 1.1618327924376614e-54, 2.5199458473739624e-51, 1.6928689826643173e-49, 1.4794700511671962e-45, 5.927702612786878e-43, 1.4237078799828443e-39, 1.9902752413809754e-36, 2.3211784552574448e-33, 1.3856292015035374e-30, 3.8814684839187298e-28, 6.502618112606665e-25, 6.285997037305365e-22, 6.097314700033499e-19, 6.36597902540014e-16, 1.2357578765700697e-12, 3.3306929567274235e-10, 1.1414427614549342e-07, 9.34516286462179e-05]"
149,8,d_5_48,Dummy,0,"[0, 0, 0.04503325995300225, 0.15942513588605933, 0]","[None, None, ( id: 5, corrupt: False ), ( id: 8, corrupt: False ), Client id: 16]","[9.656934430892054e-70, 1.2154184420020002e-68, 2.3301978829804687e-63, 2.2679296433941663e-60, 3.7984836237839377e-59, 3.326951341705905e-55, 8.275568082996633e-52, 5.058566320215314e-50, 4.858658671548046e-46, 1.7714057091598666e-43, 4.255244139621118e-40, 5.949880241983982e-37, 6.647084105437474e-34, 3.968105284527124e-31, 1.1630327463169228e-28, 1.9530130590475604e-25, 1.8009579377067096e-22, 1.8430998976406561e-19, 1.942852857390292e-16, 4.1792228459164943e-13, 1.0432223112430089e-10, 3.897517184438036e-08, 3.7683098298345515e-05]"
150,8,d_5_49,Dummy,0,"[0, 0, 0.07601485408229863, 0.1239395538122237, 0]","[None, None, ( id: 5, corrupt: False ), ( id: 8, corrupt: False ), Client id: 19]","[4.8219746973074755e-70, 6.082739271525024e-69, 1.1635526213637495e-63, 1.1324609628301084e-60, 1.9034366500811078e-59, 1.55334050528485e-55, 4.132303914899662e-52, 2.5350104115855885e-50, 2.4261208685561185e-46, 8.8778742570316e-44, 2.1331255804448493e-40, 2.983516942735292e-37, 3.1035824292553815e-34, 1.8527780848298903e-31, 5.850754959880156e-29, 9.857008800249418e-26, 8.411232957310571e-23, 9.384982684115258e-20, 1.0021870483073598e-16, 2.1137329405997694e-13, 5.565327888265572e-11, 1.9959069565980006e-08, 2.0653616930062724e-05]"
151,9,d_4_48,Dummy,0,"[0, 0, 0.17475928570529473, 0.49533541349900223, 0]","[None, None, ( id: 4, corrupt: False ), ( id: 9, corrupt: False ), Client id: 58]","[2.372088143088112e-71, 4.0922916856663026e-70, 5.717940590940232e-65, 5.564984551805656e-62, 1.2740802919436356e-60, 7.170132637561754e-57, 2.0305198155229936e-53, 1.6899818928553018e-51, 1.1917377737999413e-47, 5.871250103458675e-45, 1.4130443838951993e-41, 1.9829738194507765e-38, 1.4371016220320137e-35, 8.605278574651526e-33, 4.015122506697892e-30, 6.999321480457822e-27, 3.945272751949839e-24, 7.052894309685064e-21, 8.220637331991261e-18, 1.116897377343882e-14, 5.179282152216039e-12, 1.8207558025217434e-09, 1.083342582252505e-06]"
152,8,d_4_49,Dummy,0,"[0, 0, 0.45411762828941515, 0.12063747760571328, 0]","[None, None, ( id: 4, corrupt: False ), ( id: 8, corrupt: False ), Client id: 17]","[7.144234653571635e-72, 1.1318474117084762e-70, 1.7224226741320329e-65, 1.6763573581904276e-62, 3.52836562201724e-61, 1.867514225950212e-57, 6.116666256594657e-54, 4.681478214286518e-52, 3.5901377770213365e-48, 1.62731697294115e-45, 3.916803556943834e-42, 5.496720749920713e-39, 3.74304323223307e-36, 2.241312967156516e-33, 1.1135094635014878e-30, 1.941664835751607e-27, 1.0276039386178243e-24, 1.9615332538978454e-21, 2.2920391293479037e-18, 3.404944022372074e-15, 1.4580682266877805e-12, 4.766223065137762e-10, 2.8653407641718874e-07]"
153,7,d_5_50,Dummy,0,"[0, 0, 0.6539400354589593, 0.14638452072178323, 0]","[None, None, ( id: 5, corrupt: False ), ( id: 7, corrupt: False ), Client id: 20]","[6.455085017438592e-73, 7.527950592653259e-72, 1.5577828304080977e-66, 1.5161656481691562e-63, 2.370706970630511e-62, 1.1997734810393988e-58, 5.532483844280201e-55, 3.1581943090942317e-53, 3.2482512316588514e-49, 1.1065209811680156e-46, 2.661749373020092e-43, 3.728324886027943e-40, 2.397353327474262e-37, 1.431254365235201e-34, 7.427548093199059e-32, 1.2711475490680746e-28, 6.502872899148838e-26, 1.2610013803524873e-22, 1.4249597064154052e-19, 3.038132782475733e-16, 9.01740978287246e-14, 1.955481451044623e-11, 2.3140201260910386e-08]"
154,9,d_6_56,Dummy,0,"[0, 0, 0.9351897869230738, 0.8965670491705593, 0]","[None, None, ( id: 6, corrupt: False ), ( id: 9, corrupt: False ), Client id: 57]","[1.7979262809352608e-73, 1.0210001242772202e-72, 4.339447444353696e-67, 4.22354841387181e-64, 3.247575497752921e-63, 1.3004634088610714e-60, 1.5411924302527313e-55, 4.328161776795735e-54, 9.04895102390547e-50, 1.517423527923189e-47, 3.65673879409837e-44, 5.133669433060405e-41, 2.6122014027227876e-39, 1.5653502667436993e-36, 1.0476133082945488e-32, 1.8346466165158466e-29, 7.489022315160255e-28, 1.925075116683424e-23, 2.3301328372644873e-20, 9.220017883352975e-17, 1.6746656211216132e-14, 1.931657544710448e-12, 3.042092286829587e-09]"
155,7,d_6_57,Dummy,0,"[0, 0, 0.19058201568846508, 0.33981230307687893, 0]","[None, None, ( id: 6, corrupt: False ), ( id: 7, corrupt: False ), Client id: 95]","[1.1558097520298106e-73, 6.751007018156785e-73, 2.7896447856559477e-67, 2.715138266060449e-64, 2.1473518892403335e-63, 9.290940922984453e-61, 9.907665623053274e-56, 2.861854683320436e-54, 5.817182801082087e-50, 1.003347582246777e-47, 2.417901652997044e-44, 3.394475481368714e-41, 1.8663111202759882e-39, 1.1183867877273971e-36, 6.927017077316494e-33, 1.2131036925135023e-29, 5.35124144779798e-28, 1.2729034655597766e-23, 1.5407660190836516e-20, 5.927154353584055e-17, 1.1074931557135032e-14, 1.473610814293968e-12, 2.349851206502696e-09]"
156,9,d_5_51,Dummy,0,"[0, 0, 0.348834060261487, 0.12293376962093659, 0]","[None, None, ( id: 5, corrupt: False ), ( id: 9, corrupt: False ), Client id: 54]","[1.5105807875494484e-74, 1.354967644224969e-73, 3.6455549574830675e-68, 3.548168531115068e-65, 4.268443617696163e-64, 2.1039078179890217e-60, 1.2947301183392305e-56, 5.686388683034112e-55, 7.601719296015419e-51, 1.992356207589665e-48, 4.7929139916281314e-45, 6.713949664006696e-42, 4.2041141415474425e-39, 2.5099756234166384e-36, 1.3385991305383917e-33, 2.2926336677884578e-30, 1.140785328411844e-27, 2.2787747823940024e-24, 2.581652276657599e-21, 7.273791499906914e-18, 1.6424860056409599e-15, 3.7301743899232424e-13, 4.580691504707631e-10]"
157,7,d_6_58,Dummy,0,"[0, 0, 0.19729372490331035, 0.35790600239242315, 0]","[None, None, ( id: 6, corrupt: False ), ( id: 7, corrupt: False ), Client id: 41]","[1.2174943670838244e-75, 2.594263532823151e-75, 2.938526695587396e-69, 2.8600439395367286e-66, 8.252121893584832e-66, 4.5918728872832885e-63, 1.0436433589915443e-57, 1.0997952099188548e-56, 6.1276468354703646e-52, 3.8558731291006295e-50, 9.292045793870733e-47, 1.3045074210482138e-43, 9.225507931407688e-42, 5.528575258932155e-39, 2.6621151596341863e-35, 4.662104588200299e-32, 2.6467375478416717e-30, 4.892285572500276e-26, 5.923370226071829e-23, 6.247391265736748e-19, 4.265544612552092e-17, 9.506858224006036e-15, 1.5807938709421197e-11]"
158,7,d_6_59,Dummy,0,"[0, 0, 0.11960515279976727, 0.18554512713047583, 0]","[None, None, ( id: 6, corrupt: False ), ( id: 7, corrupt: False ), Client id: 55]","[6.16587028472765e-76, 1.321697266170576e-75, 1.4881855069320927e-69, 1.4484387558643408e-66, 4.2042494305604146e-66, 1.8784934538886181e-63, 5.285420517296053e-58, 5.603188058234019e-57, 3.1032814991266222e-52, 1.9644825796582227e-50, 4.73409743295595e-47, 6.64618990378738e-44, 3.774071426484963e-42, 2.2616898786540634e-39, 1.3562975936122937e-35, 2.3752601936630057e-32, 1.0827562695715929e-30, 2.4925874750604048e-26, 3.0181537756720755e-23, 3.164030719484995e-19, 2.1746078147793618e-17, 3.889169273457015e-15, 6.46688401749049e-12]"
159,7,d_5_52,Dummy,0,"[0, 0, 0.057617505185027285, 0.36934412929145094, 0]","[None, None, ( id: 5, corrupt: False ), ( id: 7, corrupt: False ), Client id: 22]","[2.544178605360497e-76, 1.280965951749688e-75, 6.140281606746645e-70, 5.97626835078449e-67, 4.038804438197729e-66, 1.8289268070122457e-62, 2.180756875097656e-58, 5.380665324565117e-57, 1.2803958905650925e-52, 1.8853513258980388e-50, 4.536202079397826e-47, 6.355596074037015e-44, 3.6548037765342815e-41, 2.182090038411833e-38, 1.269817425937171e-35, 2.1792968342254612e-32, 9.922042678136197e-30, 2.177379839276405e-26, 2.4834429092461688e-23, 1.26444839666016e-19, 1.6021312187315567e-17, 3.5906284516754846e-15, 4.586337168566719e-12]"
160,8,d_4_50,Dummy,0,"[0, 0, 0.4555500488283961, 0.26447902012057634, 0]","[None, None, ( id: 4, corrupt: False ), ( id: 8, corrupt: False ), Client id: 33]","[1.4128488037419444e-76, 5.88763311505007e-76, 3.4094650797690996e-70, 3.3183858031153615e-67, 1.851394404002514e-66, 5.978095717865086e-63, 1.2108813344353061e-58, 2.461197975011373e-57, 7.109210456596704e-53, 8.587260589836794e-51, 2.067974881473061e-47, 2.902611917119007e-44, 1.1983933964747793e-41, 7.176316941016987e-39, 5.898951262907464e-36, 1.0305707009800141e-32, 3.3002918233443606e-30, 1.0588397123899189e-26, 1.2575004239468002e-23, 7.173052710779451e-20, 8.492780002074723e-18, 2.4387009798285318e-15, 2.5843111469276155e-12]"
161,9,d_5_53,Dummy,0,"[0, 0, 0.25867720946582606, 0.21364919139010832, 0]","[None, None, ( id: 5, corrupt: False ), ( id: 9, corrupt: False ), Client id: 45]","[2.353453195926515e-78, 8.572864159216216e-78, 5.680071297697066e-72, 5.528356259268239e-69, 2.7051494085948277e-68, 1.1282891129525045e-64, 2.0173160906706578e-60, 3.604039170287253e-59, 1.1844386393338586e-54, 1.2629029014082664e-52, 3.039016273119108e-49, 4.25869612116665e-46, 2.2548605636772133e-43, 1.3463246504993768e-40, 8.52533070904949e-38, 1.465927663349575e-34, 6.126111117000389e-32, 1.4716457841936693e-28, 1.6888264569422361e-25, 1.1827139645596178e-21, 1.103115974127353e-19, 2.5547024378330534e-17, 3.4191404105171166e-14]"
162,9,d_4_51,Dummy,0,"[0, 0, 0.3631157106387384, 0.04472732643026227, 0]","[None, None, ( id: 4, corrupt: False ), ( id: 9, corrupt: False ), Client id: 28]","[1.0822993549434183e-79, 3.303641224634696e-79, 2.611974495535831e-73, 2.5422052409693456e-70, 1.0415115371299717e-69, 2.732180966822233e-66, 9.276568113026643e-62, 1.3853428906663401e-60, 5.4464876478260225e-56, 4.838803730707687e-54, 1.1654559699904027e-50, 1.6359140743099838e-47, 5.477604636702851e-45, 3.280253326777415e-42, 3.327756687598912e-39, 5.816913843156955e-36, 1.511264068780201e-33, 6.0053917115982454e-30, 7.164621339082335e-27, 5.520507664723163e-23, 4.916627600879936e-21, 1.3611332150774607e-18, 1.631340699114562e-15]"
163,9,d_6_60,Dummy,0,"[0, 0, 0.0290450269321818, 0.040589117115371096, 0]","[None, None, ( id: 6, corrupt: False ), ( id: 9, corrupt: False ), Client id: 16]","[1.6554239451859088e-80, 3.0996901943539102e-80, 3.99550738669862e-74, 3.888794616896966e-71, 9.86021794448683e-71, 5.287986994220738e-68, 1.419039285932955e-62, 1.3141184479741882e-61, 8.331747115554696e-57, 4.6073628875282996e-55, 1.1103052434028292e-51, 1.5587582242226996e-48, 1.0625121605035166e-46, 6.367446716449963e-44, 3.1810146076221655e-40, 5.570886388526065e-37, 3.049271494280371e-35, 5.846365172818701e-31, 7.08039387071003e-28, 8.495607962754163e-24, 5.108019664620568e-22, 1.2399044527208357e-19, 2.0940997431704847e-16]"
164,8,d_4_53,Dummy,0,"[0, 0, 0.408339354140167, 0.05956283836516509, 0]","[None, None, ( id: 4, corrupt: False ), ( id: 8, corrupt: False ), Client id: 30]","[1.539160399398924e-80, 4.6136793810762816e-80, 3.714556206585803e-74, 3.6153359808703445e-71, 1.454769823935272e-70, 3.7726314964659246e-67, 1.3192451025098539e-62, 1.935103272593631e-61, 7.745601285582012e-57, 6.759536584172493e-55, 1.6280935054830908e-51, 2.2853113584743058e-48, 7.563688117965202e-46, 4.529527624155451e-43, 4.649046584128201e-40, 8.126828125840151e-37, 2.0874971375719548e-34, 8.392884157087444e-31, 1.0016030985163596e-27, 7.85262042808276e-24, 6.880659950908108e-22, 1.9404810784598115e-19, 2.3639800111829106e-16]"
165,8,d_6_61,Dummy,0,"[0, 0, 0.1943529351751858, 0.6576829103295713, 0]","[None, None, ( id: 6, corrupt: False ), ( id: 8, corrupt: False ), Client id: 17]","[1.6625862635073696e-81, 3.295328316654721e-81, 4.012794263961504e-75, 3.9056197943904574e-72, 1.048257821138533e-71, 5.430143079801519e-69, 1.42517887209224e-63, 1.3970637971735309e-62, 8.367795116511295e-58, 4.89817895413254e-56, 1.180387812850326e-52, 1.6571475030869412e-49, 1.0910819699089879e-47, 6.538668130538462e-45, 3.381804884605643e-41, 5.922532242187887e-38, 3.131324106072614e-36, 6.215432496653747e-32, 7.527504671790054e-29, 8.532405311118483e-25, 5.431286478674473e-23, 1.2821390962582751e-20, 2.1671857022736737e-17]"
166,8,d_6_62,Dummy,0,"[0, 0, 0.22670345768315567, 0.2478678364820622, 0]","[None, None, ( id: 6, corrupt: False ), ( id: 8, corrupt: False ), Client id: 65]","[1.5204584401032942e-81, 2.883412277072881e-81, 3.669756599535046e-75, 3.571744045461107e-72, 9.172255934962164e-72, 4.751375194826329e-69, 1.3033460548579953e-63, 1.2224308225268398e-62, 7.652465936806429e-58, 4.285906584865972e-56, 1.0328393362440352e-52, 1.4500040652010733e-49, 9.546967236703644e-48, 5.721334614221154e-45, 2.9590792740299375e-41, 5.1822157119144e-38, 2.739908592813537e-36, 5.438503434572029e-32, 6.586566587816297e-29, 7.803019930948956e-25, 4.7523756688401633e-23, 1.1218717092259908e-20, 1.8962874894894642e-17]"
167,8,d_6_63,Dummy,0,"[0, 0, 0.11109517309313979, 0.11903887112791865, 0]","[None, None, ( id: 6, corrupt: False ), ( id: 8, corrupt: False ), Client id: 98]","[1.044137181542196e-81, 1.8021326731705508e-81, 2.5201144726647316e-75, 2.4528067789409865e-72, 5.732659959351353e-72, 3.2134500030778636e-69, 8.950406296823686e-64, 7.640192640792748e-63, 5.255141510302654e-58, 2.678691615541232e-56, 6.45524585152522e-53, 9.062525407506707e-50, 6.456827684288305e-48, 3.869469393323595e-45, 1.849424546268711e-41, 3.2388848199465007e-38, 1.8530831469688787e-36, 3.399064646607518e-32, 4.116604117385186e-29, 5.3585521478720735e-25, 2.9702347930251024e-23, 7.619010443491461e-21, 1.2884510079839957e-17]"
